,name,youtube_code,namu_code,혐오,행복,중립,슬픔,분노,놀람,공포,총합,혐비,행비,중비,슬비,분비,놀비,공비
3,ToyFamily,/channel/UCxLOTgnqpSqQp_kMPlb7PWw,Ryan's World,0,0,0,0,0,0,0,0,#DIV/0!,#DIV/0!,#DIV/0!,#DIV/0!,#DIV/0!,#DIV/0!,#DIV/0!
28,MariAndColors,/channel/UCdvO5cIFPdFDhXDzs1WrbZw,말이야와 친구들,0,0,0,0,0,0,0,0,#DIV/0!,#DIV/0!,#DIV/0!,#DIV/0!,#DIV/0!,#DIV/0!,#DIV/0!
43,Lone Dragon,/channel/UC62pL2GZUeMx-gSzQmnB6gw,카라반 팰리스,0,0,0,0,0,0,0,0,#DIV/0!,#DIV/0!,#DIV/0!,#DIV/0!,#DIV/0!,#DIV/0!,#DIV/0!
51,스페셜솔져 - 모바일FPS,/channel/UCU8zFvUOoHYB3DY5cKIiSKQ,스페셜솔져,0,0,0,0,0,0,0,0,#DIV/0!,#DIV/0!,#DIV/0!,#DIV/0!,#DIV/0!,#DIV/0!,#DIV/0!
83,OGN,/channel/UCKDkGnyeib7mcU7LdD3x0jQ,OGN,0,0,0,0,0,0,0,0,#DIV/0!,#DIV/0!,#DIV/0!,#DIV/0!,#DIV/0!,#DIV/0!,#DIV/0!
90,김희철 KimHeeChul,/channel/UCldBBBC3KowWN7ScJRQlZyg,희철,0,0,0,0,0,0,0,0,#DIV/0!,#DIV/0!,#DIV/0!,#DIV/0!,#DIV/0!,#DIV/0!,#DIV/0!
94,Game Land,/channel/UCdkCeGJ9G9Y5N0SReSPo5Tw,쥬니어네이버,0,0,0,0,0,0,0,0,#DIV/0!,#DIV/0!,#DIV/0!,#DIV/0!,#DIV/0!,#DIV/0!,#DIV/0!
131,가브리엘,/channel/UC2FDVyrQnjoZCUyk9fmqd9g,가브리엘(인터넷 방송인),0,0,0,0,0,0,0,0,#DIV/0!,#DIV/0!,#DIV/0!,#DIV/0!,#DIV/0!,#DIV/0!,#DIV/0!
162,아려랑,/channel/UCFMzJRPsLOL17lwxN_MdcnA,아려랑,0,0,0,0,0,0,0,0,#DIV/0!,#DIV/0!,#DIV/0!,#DIV/0!,#DIV/0!,#DIV/0!,#DIV/0!
185,다주,/channel/UCawY6uW94r1JcBuOTqHDfow,다주,0,0,0,0,0,0,0,0,#DIV/0!,#DIV/0!,#DIV/0!,#DIV/0!,#DIV/0!,#DIV/0!,#DIV/0!
189,Landing TV,/channel/UCkwRQReFyYUHzPqGk5vO7Tg,랜딩(인터넷 방송인),0,0,0,0,0,0,0,0,#DIV/0!,#DIV/0!,#DIV/0!,#DIV/0!,#DIV/0!,#DIV/0!,#DIV/0!
190,클래시 오브 클랜,/channel/UCORzNUvBtd0j_wraSf88Y4w,클래시 오브 클랜,0,0,0,0,0,0,0,0,#DIV/0!,#DIV/0!,#DIV/0!,#DIV/0!,#DIV/0!,#DIV/0!,#DIV/0!
199,거눈 GONOON,/channel/UCSGi7jxv1fqTx9hYI_lrGdg,김하늘,0,0,0,0,0,0,0,0,#DIV/0!,#DIV/0!,#DIV/0!,#DIV/0!,#DIV/0!,#DIV/0!,#DIV/0!
245,RinyTiny [리니티니],/channel/UCArr7e9zILksFPuGDq-MffA,에스와티니,0,0,0,0,0,0,0,0,#DIV/0!,#DIV/0!,#DIV/0!,#DIV/0!,#DIV/0!,#DIV/0!,#DIV/0!
282,푸른 [ Pureun ],/channel/UCXrjLuKRFe1OxlR9T6uNs6w,PUREUN,0,0,0,0,0,0,0,0,#DIV/0!,#DIV/0!,#DIV/0!,#DIV/0!,#DIV/0!,#DIV/0!,#DIV/0!
287,바사카네,/channel/UCy5DTlJJ3eo7I83h-IEL1KA,암바사,0,0,0,0,0,0,0,0,#DIV/0!,#DIV/0!,#DIV/0!,#DIV/0!,#DIV/0!,#DIV/0!,#DIV/0!
296,Flyerbek,/channel/UCMoQZs-z0PECNIs-b8CHOag,V3 Esports,0,0,0,0,0,0,0,0,#DIV/0!,#DIV/0!,#DIV/0!,#DIV/0!,#DIV/0!,#DIV/0!,#DIV/0!
316,무협지 League of Legends,/channel/UCIA_jLpi8Tp2YM8ZTe4nD5A,League of Legends Japan League,0,0,0,0,0,0,0,0,#DIV/0!,#DIV/0!,#DIV/0!,#DIV/0!,#DIV/0!,#DIV/0!,#DIV/0!
327,I like movies XD,/channel/UCE9Ib6JHShc7MHQ7pMwj0YQ,XD,0,0,0,0,0,0,0,0,#DIV/0!,#DIV/0!,#DIV/0!,#DIV/0!,#DIV/0!,#DIV/0!,#DIV/0!
387,LOL PRO Replays,/channel/UCYX9IB_lU43EenSWKDlheUg,2020 League of Legends Pro League Summer,0,0,0,0,0,0,0,0,#DIV/0!,#DIV/0!,#DIV/0!,#DIV/0!,#DIV/0!,#DIV/0!,#DIV/0!
400,JeongWon Entertainment,/channel/UCu07k1hkdNzxLR2uc2-nYVQ,원철,0,0,0,0,0,0,0,0,#DIV/0!,#DIV/0!,#DIV/0!,#DIV/0!,#DIV/0!,#DIV/0!,#DIV/0!
401,오하빵 ohhabbang,/channel/UCnPJ_Jcl-dwFuGgqhavB8oA,오하영,0,0,0,0,0,0,0,0,#DIV/0!,#DIV/0!,#DIV/0!,#DIV/0!,#DIV/0!,#DIV/0!,#DIV/0!
402,찌훈,/channel/UCzlnXVYyIG38fUrMBGOpc3w,찌훈,0,0,0,0,0,0,0,0,#DIV/0!,#DIV/0!,#DIV/0!,#DIV/0!,#DIV/0!,#DIV/0!,#DIV/0!
403,더헬TheHell,/channel/UCRTRG3sr8my7ONpSQNruU2A,더헬,0,0,0,0,0,0,0,0,#DIV/0!,#DIV/0!,#DIV/0!,#DIV/0!,#DIV/0!,#DIV/0!,#DIV/0!
404,Gong re,/channel/UCl6gx0iQ-VvwhJu0r1FndTQ,Re:Re:,0,0,0,0,0,0,0,0,#DIV/0!,#DIV/0!,#DIV/0!,#DIV/0!,#DIV/0!,#DIV/0!,#DIV/0!
405,급식게임즈,/channel/UCCWHOI_Xth7mINE98Nprz6A,급식왕 & 급식걸즈,0,0,0,0,0,0,0,0,#DIV/0!,#DIV/0!,#DIV/0!,#DIV/0!,#DIV/0!,#DIV/0!,#DIV/0!
406,쿠키런,/channel/UCr-Eaw_CBpAqKHbzV_GidQQ,쿠키런/쿠키,0,0,0,0,0,0,0,0,#DIV/0!,#DIV/0!,#DIV/0!,#DIV/0!,#DIV/0!,#DIV/0!,#DIV/0!
407,쪼낙 JJONAK,/channel/UCeq0Nrch5KY3VrZyn_BB32g,방성현,0,0,0,0,0,0,0,0,#DIV/0!,#DIV/0!,#DIV/0!,#DIV/0!,#DIV/0!,#DIV/0!,#DIV/0!
408,제동TV[ JaeDongTV ] 이제동,/channel/UCOp9K7CjksKsve6CkNPzUWg,이제동,0,0,0,0,0,0,0,0,#DIV/0!,#DIV/0!,#DIV/0!,#DIV/0!,#DIV/0!,#DIV/0!,#DIV/0!
409,모마님,/channel/UCouZRGq24QaCvFlslu9uD9w,모마님,0,0,0,0,0,0,0,0,#DIV/0!,#DIV/0!,#DIV/0!,#DIV/0!,#DIV/0!,#DIV/0!,#DIV/0!
410,Yh Ha Figure maker,/channel/UCSsdK8cdN9hn3FS0mTf8iFA,YH 사건,0,0,0,0,0,0,0,0,#DIV/0!,#DIV/0!,#DIV/0!,#DIV/0!,#DIV/0!,#DIV/0!,#DIV/0!
411,HOWCOW uuu,/channel/UCInT34AJQaNyQ1V1PTEpv7w,HOWCOW uuu,0,0,0,0,0,0,0,0,#DIV/0!,#DIV/0!,#DIV/0!,#DIV/0!,#DIV/0!,#DIV/0!,#DIV/0!
412,Roblox - 한국,/channel/UCXM-GWvgXxj8V_Q_o1B4zyQ,Roblox - 한국,0,0,0,0,0,0,0,0,#DIV/0!,#DIV/0!,#DIV/0!,#DIV/0!,#DIV/0!,#DIV/0!,#DIV/0!
413,원창연 WonChangYeon,/channel/UC1FK8EsrPHHVOvrDvctqpbQ,원창연,0,0,0,0,0,0,0,0,#DIV/0!,#DIV/0!,#DIV/0!,#DIV/0!,#DIV/0!,#DIV/0!,#DIV/0!
414,Youtube고차비,/channel/UCjZy8afeI-58sPLgJIOmecg,고차비,0,0,0,0,0,0,0,0,#DIV/0!,#DIV/0!,#DIV/0!,#DIV/0!,#DIV/0!,#DIV/0!,#DIV/0!
415,개인팟,/channel/UCIBoeAMqlic3emU6_crV9Vw,개인팟,0,0,0,0,0,0,0,0,#DIV/0!,#DIV/0!,#DIV/0!,#DIV/0!,#DIV/0!,#DIV/0!,#DIV/0!
416,AfreecaTV eSports,/channel/UCK5eBtuoj_HkdXKHNmBLAXg,Afreeca Freecs/리그 오브 레전드,0,0,0,0,0,0,0,0,#DIV/0!,#DIV/0!,#DIV/0!,#DIV/0!,#DIV/0!,#DIV/0!,#DIV/0!
417,최고기 ENTJ,/channel/UCZgI5WTYh_1LWNexiHNH7QQ,ENTJ,0,0,0,0,0,0,0,0,#DIV/0!,#DIV/0!,#DIV/0!,#DIV/0!,#DIV/0!,#DIV/0!,#DIV/0!
418,왓구홍길동,/channel/UC9aktiWNGpSJKLshflga5yw,왓구홍길동,0,0,0,0,0,0,0,0,#DIV/0!,#DIV/0!,#DIV/0!,#DIV/0!,#DIV/0!,#DIV/0!,#DIV/0!
419,쿠리파파 스튜디오KooriPapa Studios,/channel/UCvjevfcEcO4JXSe3SgMYbGA,쿠리(유튜버),0,0,0,0,0,0,0,0,#DIV/0!,#DIV/0!,#DIV/0!,#DIV/0!,#DIV/0!,#DIV/0!,#DIV/0!
420,쌍튜브,/channel/UCvG7coejM6UD_rOnuDdIoFw,쌍베,0,0,0,0,0,0,0,0,#DIV/0!,#DIV/0!,#DIV/0!,#DIV/0!,#DIV/0!,#DIV/0!,#DIV/0!
421,Mulpan,/channel/UCDBg2guHN1JanH7QP7i2dQQ,Mulpan,0,0,0,0,0,0,0,0,#DIV/0!,#DIV/0!,#DIV/0!,#DIV/0!,#DIV/0!,#DIV/0!,#DIV/0!
422,안산저격수 ANS,/channel/UC7g2JNSc0SefzMTyc--Nn4w,이선창,0,0,0,0,0,0,0,0,#DIV/0!,#DIV/0!,#DIV/0!,#DIV/0!,#DIV/0!,#DIV/0!,#DIV/0!
423,다다토이 DADA Toy,/channel/UC4pIb-g1hjtWK6T98UqeQkQ,다다스튜디오 DADA Studio,0,0,0,0,0,0,0,0,#DIV/0!,#DIV/0!,#DIV/0!,#DIV/0!,#DIV/0!,#DIV/0!,#DIV/0!
424,수진이,/channel/UCmu_ekYHVR0vjmpyQZp8YwA,수진이,0,0,0,0,0,0,0,0,#DIV/0!,#DIV/0!,#DIV/0!,#DIV/0!,#DIV/0!,#DIV/0!,#DIV/0!
425,넥슨 YouTube,/channel/UCZcyI32yv57Zz0Y8-Nr1V9A,넥슨,0,0,0,0,0,0,0,0,#DIV/0!,#DIV/0!,#DIV/0!,#DIV/0!,#DIV/0!,#DIV/0!,#DIV/0!
426,임준하,/channel/UC0iAObTgKlFipjqApv0nJlw,임준하,0,0,0,0,0,0,0,0,#DIV/0!,#DIV/0!,#DIV/0!,#DIV/0!,#DIV/0!,#DIV/0!,#DIV/0!
427,배틀그라운드 ? PLAYERUNKNOWN'S BATTLEGROUNDS,/channel/UCms8Ge7H1ZGgw6nV94fUhUQ,PLAYERUNKNOWN'S BATTLEGROUNDS,0,0,0,0,0,0,0,0,#DIV/0!,#DIV/0!,#DIV/0!,#DIV/0!,#DIV/0!,#DIV/0!,#DIV/0!
428,CheritzTeam,/channel/UClcACsSYAi97Ka_QxX72JAA,수상한 메신저,0,0,0,0,0,0,0,0,#DIV/0!,#DIV/0!,#DIV/0!,#DIV/0!,#DIV/0!,#DIV/0!,#DIV/0!
429,HAK,/channel/UCMjsi-Xrmyv9vlN-92QySvQ,hack,0,0,0,0,0,0,0,0,#DIV/0!,#DIV/0!,#DIV/0!,#DIV/0!,#DIV/0!,#DIV/0!,#DIV/0!
430,금사향,/channel/UC1eIASyCXzaeOuBbGOubI9g,금사향(인터넷 방송인),0,0,0,0,0,0,0,0,#DIV/0!,#DIV/0!,#DIV/0!,#DIV/0!,#DIV/0!,#DIV/0!,#DIV/0!
431,sum,/channel/UCQknKKnwlpzDS7bjMULUjcg,sum,0,0,0,0,0,0,0,0,#DIV/0!,#DIV/0!,#DIV/0!,#DIV/0!,#DIV/0!,#DIV/0!,#DIV/0!
432,인벤,/channel/UCQePzo3_oRB-6RAzBioc6pg,인벤,0,0,0,0,0,0,0,0,#DIV/0!,#DIV/0!,#DIV/0!,#DIV/0!,#DIV/0!,#DIV/0!,#DIV/0!
433,Toon Tube,/channel/UCIJBt-DqtODaUKGKI5H01fg,배틀토이,0,0,0,0,0,0,0,0,#DIV/0!,#DIV/0!,#DIV/0!,#DIV/0!,#DIV/0!,#DIV/0!,#DIV/0!
434,마일드참치,/channel/UCtNQtlVDw79Sdxvm08Egk0w,마일드참치(유튜버),0,0,0,0,0,0,0,0,#DIV/0!,#DIV/0!,#DIV/0!,#DIV/0!,#DIV/0!,#DIV/0!,#DIV/0!
435,정리전문 [웃키키],/channel/UCn8P2mOrwb7BNMRviAFg6DQ,정리전문 [웃키키],0,0,0,0,0,0,0,0,#DIV/0!,#DIV/0!,#DIV/0!,#DIV/0!,#DIV/0!,#DIV/0!,#DIV/0!
436,배그TV,/channel/UCb7DiMpyCaKjMM04Eo2qyfw,재민TV,0,0,0,0,0,0,0,0,#DIV/0!,#DIV/0!,#DIV/0!,#DIV/0!,#DIV/0!,#DIV/0!,#DIV/0!
437,오버워치Player,/channel/UCeZZ5LAX3as-CPv-Bj3hPdQ,오버워치Player,0,0,0,0,0,0,0,0,#DIV/0!,#DIV/0!,#DIV/0!,#DIV/0!,#DIV/0!,#DIV/0!,#DIV/0!
438,킴스맨KIMSMAN INDUSTRY,/channel/UCixaWz4xXA_mJg8UhOZ6hkQ,킴스맨,0,0,0,0,0,0,0,0,#DIV/0!,#DIV/0!,#DIV/0!,#DIV/0!,#DIV/0!,#DIV/0!,#DIV/0!
439,MarioPartyGames,/channel/UCGGPa08De2KNGSaiPPokePA,,0,0,0,0,0,0,0,0,#DIV/0!,#DIV/0!,#DIV/0!,#DIV/0!,#DIV/0!,#DIV/0!,#DIV/0!
440,나나양,/channel/UC2z7Vj0qpcjIsAEHwOE1-NA,나나양,0,0,0,0,0,0,0,0,#DIV/0!,#DIV/0!,#DIV/0!,#DIV/0!,#DIV/0!,#DIV/0!,#DIV/0!
441,비엠TV,/channel/UC50HiPRDIXQMcB9orOdlbaQ,비엠(유튜버),0,0,0,0,0,0,0,0,#DIV/0!,#DIV/0!,#DIV/0!,#DIV/0!,#DIV/0!,#DIV/0!,#DIV/0!
442,연두의 일상채널,/channel/UCFRDmLQJItqvkfFFfuTGGVg,연두(인터넷 방송인),0,0,0,0,0,0,0,0,#DIV/0!,#DIV/0!,#DIV/0!,#DIV/0!,#DIV/0!,#DIV/0!,#DIV/0!
443,핸팝,/channel/UCfSy6hLYDteGVYb5h_Z2xkQ,핸팝,0,0,0,0,0,0,0,0,#DIV/0!,#DIV/0!,#DIV/0!,#DIV/0!,#DIV/0!,#DIV/0!,#DIV/0!
444,DRX,/channel/UC5WN-znPsJK0BbA8aHxZHWQ,DRX/리그 오브 레전드,0,0,0,0,0,0,0,0,#DIV/0!,#DIV/0!,#DIV/0!,#DIV/0!,#DIV/0!,#DIV/0!,#DIV/0!
445,탕카페TV,/channel/UCz1lALRICSdUzHRjJVVo9NQ,탕카페,0,0,0,0,0,0,0,0,#DIV/0!,#DIV/0!,#DIV/0!,#DIV/0!,#DIV/0!,#DIV/0!,#DIV/0!
446,김성룡 바둑랩,/channel/UCfA0tTDLNooBB0ymdoI5M7w,김성룡(바둑기사)/김성룡 바둑랩,0,0,0,0,0,0,0,0,#DIV/0!,#DIV/0!,#DIV/0!,#DIV/0!,#DIV/0!,#DIV/0!,#DIV/0!
447,새상놀이터,/channel/UCJ9Mk-2MwdoS_zMKgkdVUNw,새상놀이터,0,0,0,0,0,0,0,0,#DIV/0!,#DIV/0!,#DIV/0!,#DIV/0!,#DIV/0!,#DIV/0!,#DIV/0!
448,망개,/channel/UCNKam43W5s-LfRMKcd9Jg5Q,망개(인터넷 방송인),0,0,0,0,0,0,0,0,#DIV/0!,#DIV/0!,#DIV/0!,#DIV/0!,#DIV/0!,#DIV/0!,#DIV/0!
449,하지니지,/channel/UCFIUgqzzNjCvarzIqCE89cA,Nizi Project,0,0,0,0,0,0,0,0,#DIV/0!,#DIV/0!,#DIV/0!,#DIV/0!,#DIV/0!,#DIV/0!,#DIV/0!
450,PlayersCUT,/channel/UCD4_2dTl0ORuzuv75tDom_g,김혜성(성우),0,0,0,0,0,0,0,0,#DIV/0!,#DIV/0!,#DIV/0!,#DIV/0!,#DIV/0!,#DIV/0!,#DIV/0!
451,LookSam,/channel/UCQLfdihF1WwbuVcgJq6x6Iw,김진효,0,0,0,0,0,0,0,0,#DIV/0!,#DIV/0!,#DIV/0!,#DIV/0!,#DIV/0!,#DIV/0!,#DIV/0!
452,TV벵골,/channel/UC4gnNZCL8d6Eq2lLNqk5aSg,TV벵골,0,0,0,0,0,0,0,0,#DIV/0!,#DIV/0!,#DIV/0!,#DIV/0!,#DIV/0!,#DIV/0!,#DIV/0!
453,Yoorop,/channel/UCUJtmHHXN4BGT3zyE0o1j0Q,,0,0,0,0,0,0,0,0,#DIV/0!,#DIV/0!,#DIV/0!,#DIV/0!,#DIV/0!,#DIV/0!,#DIV/0!
454,조탁구TV,/channel/UC_5H4MxUOOtppCGjpVl3XPg,조탁구,0,0,0,0,0,0,0,0,#DIV/0!,#DIV/0!,#DIV/0!,#DIV/0!,#DIV/0!,#DIV/0!,#DIV/0!
455,BLIZZARDKOREA,/channel/UCEOoYEH7uLJ0Ux566Hy3XmQ,디아블로 이모탈,0,0,0,0,0,0,0,0,#DIV/0!,#DIV/0!,#DIV/0!,#DIV/0!,#DIV/0!,#DIV/0!,#DIV/0!
456,임아니,/channel/UCeHFCfPMbmQUuypVtXrpnTw,임아니,0,0,0,0,0,0,0,0,#DIV/0!,#DIV/0!,#DIV/0!,#DIV/0!,#DIV/0!,#DIV/0!,#DIV/0!
457,AliasMuse,/channel/UCiAK_U-vD5zcL8Bh9sberCw,AliasMuse,0,0,0,0,0,0,0,0,#DIV/0!,#DIV/0!,#DIV/0!,#DIV/0!,#DIV/0!,#DIV/0!,#DIV/0!
458,김도랜드,/channel/UC2_VPutZK0o_tG8ca_QrQRA,김도,0,0,0,0,0,0,0,0,#DIV/0!,#DIV/0!,#DIV/0!,#DIV/0!,#DIV/0!,#DIV/0!,#DIV/0!
459,부멘 Bumen,/channel/UC-97DBrSjf37Qu1cyVQ8X1A,부멘,0,0,0,0,0,0,0,0,#DIV/0!,#DIV/0!,#DIV/0!,#DIV/0!,#DIV/0!,#DIV/0!,#DIV/0!
460,아론 페이지,/channel/UCDbOXmGL7EkmOcnUb5Kki4A,아론 페이지,0,0,0,0,0,0,0,0,#DIV/0!,#DIV/0!,#DIV/0!,#DIV/0!,#DIV/0!,#DIV/0!,#DIV/0!
461,세드TV,/channel/UCMo4MnhHhSDkiUIXS6dytTQ,세드TV,0,0,0,0,0,0,0,0,#DIV/0!,#DIV/0!,#DIV/0!,#DIV/0!,#DIV/0!,#DIV/0!,#DIV/0!
462,마루에몽,/channel/UCLWXraxoi58otTHcWa9LZhQ,마루에몽,0,0,0,0,0,0,0,0,#DIV/0!,#DIV/0!,#DIV/0!,#DIV/0!,#DIV/0!,#DIV/0!,#DIV/0!
463,ShiningStar,/channel/UCde-B1KjFgIb9WGsSdT5wqQ,샤이닝 스타(애니메이션),0,0,0,0,0,0,0,0,#DIV/0!,#DIV/0!,#DIV/0!,#DIV/0!,#DIV/0!,#DIV/0!,#DIV/0!
464,철구 풀영상,/channel/UCPuQ0kaW-TX_2LgrEEUl7qQ,철구(인터넷 방송인),0,0,0,0,0,0,0,0,#DIV/0!,#DIV/0!,#DIV/0!,#DIV/0!,#DIV/0!,#DIV/0!,#DIV/0!
465,코시TV,/channel/UC7uEw7E1-NBpJwE5L2Amoyg,코시(인터넷 방송인),0,0,0,0,0,0,0,0,#DIV/0!,#DIV/0!,#DIV/0!,#DIV/0!,#DIV/0!,#DIV/0!,#DIV/0!
466,심킹,/channel/UCDYdwDXhbVZXkdV6kZn-0IQ,플루톤(원피스),0,0,0,0,0,0,0,0,#DIV/0!,#DIV/0!,#DIV/0!,#DIV/0!,#DIV/0!,#DIV/0!,#DIV/0!
467,하얀귤,/channel/UCLXSj8Q2mnL2XbBgRdTPiMQ,하얀귤,0,0,0,0,0,0,0,0,#DIV/0!,#DIV/0!,#DIV/0!,#DIV/0!,#DIV/0!,#DIV/0!,#DIV/0!
468,모잉_,/channel/UCHzre37UF4o64HRhp-7CDzQ,모잉,0,0,0,0,0,0,0,0,#DIV/0!,#DIV/0!,#DIV/0!,#DIV/0!,#DIV/0!,#DIV/0!,#DIV/0!
469,취한무드등,/channel/UCxM_h0LDzNU0XVD8YWCb17A,취한무드등,0,0,0,0,0,0,0,0,#DIV/0!,#DIV/0!,#DIV/0!,#DIV/0!,#DIV/0!,#DIV/0!,#DIV/0!
470,뽀박사 뽀쪽 Dr Joon,/channel/UC0hI0RUHrjCCskDMnMBnzFQ,뽀쪽뽀쪽,0,0,0,0,0,0,0,0,#DIV/0!,#DIV/0!,#DIV/0!,#DIV/0!,#DIV/0!,#DIV/0!,#DIV/0!
471,앤새ANDSADLY,/channel/UCZQvXBMUT7ZMM5i9w9ZFp_Q,앤새ANDSADLY,0,0,0,0,0,0,0,0,#DIV/0!,#DIV/0!,#DIV/0!,#DIV/0!,#DIV/0!,#DIV/0!,#DIV/0!
472,뉴리키,/channel/UCtsaNMRUmgwxMSb7xdpzALA,뉴리키,0,0,0,0,0,0,0,0,#DIV/0!,#DIV/0!,#DIV/0!,#DIV/0!,#DIV/0!,#DIV/0!,#DIV/0!
473,아구이뽀 A924,/channel/UCEn8UcA-PNu5ZKr6tZdJ4Kw,아구이뽀,0,0,0,0,0,0,0,0,#DIV/0!,#DIV/0!,#DIV/0!,#DIV/0!,#DIV/0!,#DIV/0!,#DIV/0!
474,라온스럽게 Be Like Raon Lee,/channel/UCJVsjpZqtve-SZ11U8jmH_g,이라온(유튜버),0,0,0,0,0,0,0,0,#DIV/0!,#DIV/0!,#DIV/0!,#DIV/0!,#DIV/0!,#DIV/0!,#DIV/0!
475,기가막힌사람,/channel/UC9V4iFRjgNUaPRPgvSgSlxA,기가막힌사람,0,0,0,0,0,0,0,0,#DIV/0!,#DIV/0!,#DIV/0!,#DIV/0!,#DIV/0!,#DIV/0!,#DIV/0!
476,오늘의 매드무비,/channel/UCcjFBc6EZ76yJarqU1AYuhA,매드 무비,0,0,0,0,0,0,0,0,#DIV/0!,#DIV/0!,#DIV/0!,#DIV/0!,#DIV/0!,#DIV/0!,#DIV/0!
477,Companytube,/channel/UCpmGKHhLg6QmdDg03Zds8Fg,,0,0,0,0,0,0,0,0,#DIV/0!,#DIV/0!,#DIV/0!,#DIV/0!,#DIV/0!,#DIV/0!,#DIV/0!
478,John James,/channel/UCs2QSZ8p8OjLUWUllNTpPZA,르브론 제임스,0,0,0,0,0,0,0,0,#DIV/0!,#DIV/0!,#DIV/0!,#DIV/0!,#DIV/0!,#DIV/0!,#DIV/0!
479,ㅇyㅇ,/channel/UCm6Y-gVqhlhX4FzrJCtsSzg,ㅇyㅇ,0,0,0,0,0,0,0,0,#DIV/0!,#DIV/0!,#DIV/0!,#DIV/0!,#DIV/0!,#DIV/0!,#DIV/0!
480,선비방송,/channel/UCIwrzpUgafk5ZD14BaSVdGQ,선비방송,0,0,0,0,0,0,0,0,#DIV/0!,#DIV/0!,#DIV/0!,#DIV/0!,#DIV/0!,#DIV/0!,#DIV/0!
481,무결의 VR게임,/channel/UCprxjd4bxAiNAxg947wvrmA,무결,0,0,0,0,0,0,0,0,#DIV/0!,#DIV/0!,#DIV/0!,#DIV/0!,#DIV/0!,#DIV/0!,#DIV/0!
482,SM TV [SeoMin TV],/channel/UC6k_2mRnYn8b-W-pKtBy85w,병신TV,0,0,0,0,0,0,0,0,#DIV/0!,#DIV/0!,#DIV/0!,#DIV/0!,#DIV/0!,#DIV/0!,#DIV/0!
483,Dmonk,/channel/UCvlZOzv_B0GD9VLqdsGWfcQ,디몽크,0,0,0,0,0,0,0,0,#DIV/0!,#DIV/0!,#DIV/0!,#DIV/0!,#DIV/0!,#DIV/0!,#DIV/0!
484,GameDO,/channel/UCnhZk0ebU5fm9oazpCtc_Sg,GameDO,0,0,0,0,0,0,0,0,#DIV/0!,#DIV/0!,#DIV/0!,#DIV/0!,#DIV/0!,#DIV/0!,#DIV/0!
485,허샘,/channel/UCnCeDIkExSpULGqmpj5oafg,허샘,0,0,0,0,0,0,0,0,#DIV/0!,#DIV/0!,#DIV/0!,#DIV/0!,#DIV/0!,#DIV/0!,#DIV/0!
486,신원리강아지,/channel/UCUKBryOxBtW7l9IRFfTyCXw,강아지,0,0,0,0,0,0,0,0,#DIV/0!,#DIV/0!,#DIV/0!,#DIV/0!,#DIV/0!,#DIV/0!,#DIV/0!
487,캐인유튜브,/channel/UC-8S20Ll1gzPiu_YY8BgyaQ,캐인,0,0,0,0,0,0,0,0,#DIV/0!,#DIV/0!,#DIV/0!,#DIV/0!,#DIV/0!,#DIV/0!,#DIV/0!
488,레지나Rezina,/channel/UCoGlmInGRIRoDg4NjAYv4-Q,레지나(유튜버),0,0,0,0,0,0,0,0,#DIV/0!,#DIV/0!,#DIV/0!,#DIV/0!,#DIV/0!,#DIV/0!,#DIV/0!
489,만득유튜브,/channel/UCLFaCqu7-o7NGqn_-uyKPBQ,만득(인터넷 방송인),0,0,0,0,0,0,0,0,#DIV/0!,#DIV/0!,#DIV/0!,#DIV/0!,#DIV/0!,#DIV/0!,#DIV/0!
490,무자비,/channel/UCPPuXI31ybWYB560T2uAeMg,무자비,0,0,0,0,0,0,0,0,#DIV/0!,#DIV/0!,#DIV/0!,#DIV/0!,#DIV/0!,#DIV/0!,#DIV/0!
491,김슬기 Seulgi KIM,/channel/UCsMjo3TqAQueM3LFWlsKnhw,김슬기,0,0,0,0,0,0,0,0,#DIV/0!,#DIV/0!,#DIV/0!,#DIV/0!,#DIV/0!,#DIV/0!,#DIV/0!
492,"포켓몬 공식 채널 Pok?mon Korea, Inc.",/channel/UCAhmOb9JWkI2HV_KIe9X_3A,포켓몬스터W,0,0,0,0,0,0,0,0,#DIV/0!,#DIV/0!,#DIV/0!,#DIV/0!,#DIV/0!,#DIV/0!,#DIV/0!
493,기뉴다GINEWDA,/channel/UCyJgLaAwEwGiLTl9ccd2haw,기뉴다,0,0,0,0,0,0,0,0,#DIV/0!,#DIV/0!,#DIV/0!,#DIV/0!,#DIV/0!,#DIV/0!,#DIV/0!
494,라넥갓,/channel/UC-Kk2qNHBsyyYy8kIIKMh8Q,라넥갓,0,0,0,0,0,0,0,0,#DIV/0!,#DIV/0!,#DIV/0!,#DIV/0!,#DIV/0!,#DIV/0!,#DIV/0!
495,ScuD?쁘르로세,/channel/UCs5Qp6yaCnsUGwqegqTEPKQ,쁘르로세,0,0,0,0,0,0,0,0,#DIV/0!,#DIV/0!,#DIV/0!,#DIV/0!,#DIV/0!,#DIV/0!,#DIV/0!
496,악시,/channel/UC58e7PIf49oMlDljMFPSy0w,악시,0,0,0,0,0,0,0,0,#DIV/0!,#DIV/0!,#DIV/0!,#DIV/0!,#DIV/0!,#DIV/0!,#DIV/0!
497,윤작까,/channel/UClA2xudL_XKm5HLY9yP8wyg,윤작까,0,0,0,0,0,0,0,0,#DIV/0!,#DIV/0!,#DIV/0!,#DIV/0!,#DIV/0!,#DIV/0!,#DIV/0!
498,우감독 [Director Woo],/channel/UCVbAEP8L2wR5dYvcWShwCsw,우감독,0,0,0,0,0,0,0,0,#DIV/0!,#DIV/0!,#DIV/0!,#DIV/0!,#DIV/0!,#DIV/0!,#DIV/0!
499,파크모,/channel/UCLdxLyuNHafN-1UlOs2BK8A,파크모,0,0,0,0,0,0,0,0,#DIV/0!,#DIV/0!,#DIV/0!,#DIV/0!,#DIV/0!,#DIV/0!,#DIV/0!
500,한국닌텐도 공식 채널,/channel/UCRCK5FCJtomQT3b88jXI_DA,한국닌텐도,0,0,0,0,0,0,0,0,#DIV/0!,#DIV/0!,#DIV/0!,#DIV/0!,#DIV/0!,#DIV/0!,#DIV/0!
501,타코리뷰,/channel/UCVes_P0Cc87L48_KvdyNX9w,타코리뷰,0,0,0,0,0,0,0,0,#DIV/0!,#DIV/0!,#DIV/0!,#DIV/0!,#DIV/0!,#DIV/0!,#DIV/0!
502,동호형,/channel/UCKr3S2aX4SyNkQTY-8UM86A,동호형,0,0,0,0,0,0,0,0,#DIV/0!,#DIV/0!,#DIV/0!,#DIV/0!,#DIV/0!,#DIV/0!,#DIV/0!
503,TV헤이스트,/channel/UCaiyyjmlyH70au7pzKE4jnQ,헤이스트TV,0,0,0,0,0,0,0,0,#DIV/0!,#DIV/0!,#DIV/0!,#DIV/0!,#DIV/0!,#DIV/0!,#DIV/0!
504,흑열전구,/channel/UC2IYsRiATGe71sLIOlSXGuw,흑열전구,0,0,0,0,0,0,0,0,#DIV/0!,#DIV/0!,#DIV/0!,#DIV/0!,#DIV/0!,#DIV/0!,#DIV/0!
505,미키스나,/channel/UCNday6XUUjYBs0fmjAmYTcg,미키스나,0,0,0,0,0,0,0,0,#DIV/0!,#DIV/0!,#DIV/0!,#DIV/0!,#DIV/0!,#DIV/0!,#DIV/0!
506,혜성,/channel/UCC1aXzKxN1P3WcpTh84-1OQ,혜성,0,0,0,0,0,0,0,0,#DIV/0!,#DIV/0!,#DIV/0!,#DIV/0!,#DIV/0!,#DIV/0!,#DIV/0!
507,시간의 숲,/channel/UCyfg0TBg4jwIqnX3uNADnhg,시간의 숲,0,0,0,0,0,0,0,0,#DIV/0!,#DIV/0!,#DIV/0!,#DIV/0!,#DIV/0!,#DIV/0!,#DIV/0!
508,핫도규 HOTDOGYU,/channel/UCHvz6pwNdtkhukP6oPOOnQg,핫도그,0,0,0,0,0,0,0,0,#DIV/0!,#DIV/0!,#DIV/0!,#DIV/0!,#DIV/0!,#DIV/0!,#DIV/0!
509,현솔,/channel/UCEWkdaR_6g6giiy8_vI6fmw,현솔,0,0,0,0,0,0,0,0,#DIV/0!,#DIV/0!,#DIV/0!,#DIV/0!,#DIV/0!,#DIV/0!,#DIV/0!
510,Dobby도비,/channel/UCvejyifMonPNXGLX-QFmYyw,도비,0,0,0,0,0,0,0,0,#DIV/0!,#DIV/0!,#DIV/0!,#DIV/0!,#DIV/0!,#DIV/0!,#DIV/0!
511,Bubsa Gaming,/channel/UCrBuJMx9qmXmxvQrmeI-TPA,TUBEPLE Gaming,0,0,0,0,0,0,0,0,#DIV/0!,#DIV/0!,#DIV/0!,#DIV/0!,#DIV/0!,#DIV/0!,#DIV/0!
512,Bung Korea,/channel/UCjFTY4_BJ4prXVmFow9x93g,Confinement,0,0,0,0,0,0,0,0,#DIV/0!,#DIV/0!,#DIV/0!,#DIV/0!,#DIV/0!,#DIV/0!,#DIV/0!
513,메이플스토리맑음,/channel/UC1dHu9GhbHH7RcHKyJdaOvA,맑음(유튜버),0,0,0,0,0,0,0,0,#DIV/0!,#DIV/0!,#DIV/0!,#DIV/0!,#DIV/0!,#DIV/0!,#DIV/0!
514,CAMAN카맨,/channel/UC3Md9z1EkkGs8htNkRG3Vew,카맨,0,0,0,0,0,0,0,0,#DIV/0!,#DIV/0!,#DIV/0!,#DIV/0!,#DIV/0!,#DIV/0!,#DIV/0!
515,한자,/channel/UCk5C4AR3uvmKwZYkIlSobbg,한자,0,0,0,0,0,0,0,0,#DIV/0!,#DIV/0!,#DIV/0!,#DIV/0!,#DIV/0!,#DIV/0!,#DIV/0!
516,쥐늑대 유튜브,/channel/UCugJ9oXLc7a_6B0yyCHdpSA,쥐늑대,0,0,0,0,0,0,0,0,#DIV/0!,#DIV/0!,#DIV/0!,#DIV/0!,#DIV/0!,#DIV/0!,#DIV/0!
517,긍정인,/channel/UCAm0pQmaq6dTcH2-qL6RQjQ,이중대,0,0,0,0,0,0,0,0,#DIV/0!,#DIV/0!,#DIV/0!,#DIV/0!,#DIV/0!,#DIV/0!,#DIV/0!
518,준밧드,/channel/UCDWlQ2AcGlcckdefjtF0goQ,준밧드,0,0,0,0,0,0,0,0,#DIV/0!,#DIV/0!,#DIV/0!,#DIV/0!,#DIV/0!,#DIV/0!,#DIV/0!
519,안내메시지,/channel/UCMswODzU1ZjjrLyUk7NfwPA,안내메시지,0,0,0,0,0,0,0,0,#DIV/0!,#DIV/0!,#DIV/0!,#DIV/0!,#DIV/0!,#DIV/0!,#DIV/0!
520,신용인의 게임채널,/channel/UCDrdTV9TcDx9-znGQAy6lzQ,신용인의 게임채널,0,0,0,0,0,0,0,0,#DIV/0!,#DIV/0!,#DIV/0!,#DIV/0!,#DIV/0!,#DIV/0!,#DIV/0!
521,서농,/channel/UC9nWnAJQDNBkJ_JlbKS-7VA,서농,0,0,0,0,0,0,0,0,#DIV/0!,#DIV/0!,#DIV/0!,#DIV/0!,#DIV/0!,#DIV/0!,#DIV/0!
522,병병병,/channel/UCLtZE7A3iN-oysHf5_vJYBA,병병병,0,0,0,0,0,0,0,0,#DIV/0!,#DIV/0!,#DIV/0!,#DIV/0!,#DIV/0!,#DIV/0!,#DIV/0!
523,표커,/channel/UCdF0eCyf5np3lPO4y1fJVdw,표커,0,0,0,0,0,0,0,0,#DIV/0!,#DIV/0!,#DIV/0!,#DIV/0!,#DIV/0!,#DIV/0!,#DIV/0!
524,저펄이,/channel/UCWMK0idJDBqwpueUiEXStCQ,저스트펄슨,0,0,0,0,0,0,0,0,#DIV/0!,#DIV/0!,#DIV/0!,#DIV/0!,#DIV/0!,#DIV/0!,#DIV/0!
525,THE SHY,/channel/UCT2iciPfSx1DmcYaf1MAFiA,강승록,0,0,0,0,0,0,0,0,#DIV/0!,#DIV/0!,#DIV/0!,#DIV/0!,#DIV/0!,#DIV/0!,#DIV/0!
526,엔씨소프트,/channel/UCbiqc9mdIz3XEH6LG5nCeMg,엔씨소프트,0,0,0,0,0,0,0,0,#DIV/0!,#DIV/0!,#DIV/0!,#DIV/0!,#DIV/0!,#DIV/0!,#DIV/0!
527,고뇌 [Gotube],/channel/UCfiarPVYi8ei4vZntToFYGg,고뇌(인터넷 방송인),0,0,0,0,0,0,0,0,#DIV/0!,#DIV/0!,#DIV/0!,#DIV/0!,#DIV/0!,#DIV/0!,#DIV/0!
528,Sky Nerf Guns,/channel/UCUJv3d2xXUDVhyKJ6BhzPGw,너프(장난감),0,0,0,0,0,0,0,0,#DIV/0!,#DIV/0!,#DIV/0!,#DIV/0!,#DIV/0!,#DIV/0!,#DIV/0!
529,입만산_김루윈,/channel/UCeRn_02zEifLqXxZkTpiXzA,이형주,0,0,0,0,0,0,0,0,#DIV/0!,#DIV/0!,#DIV/0!,#DIV/0!,#DIV/0!,#DIV/0!,#DIV/0!
530,안녕수야,/channel/UCm5suozTR8bN1o_5xRf9JrQ,안녕수야,0,0,0,0,0,0,0,0,#DIV/0!,#DIV/0!,#DIV/0!,#DIV/0!,#DIV/0!,#DIV/0!,#DIV/0!
531,괴물쥐팬OFFICIAL,/channel/UCz7gPLMK3PAXBTIEavZIXEg,괴물쥐,0,0,0,0,0,0,0,0,#DIV/0!,#DIV/0!,#DIV/0!,#DIV/0!,#DIV/0!,#DIV/0!,#DIV/0!
532,앵지,/channel/UC6jny3KnjnPLtSWYbrTqAtA,앵지,0,0,0,0,0,0,0,0,#DIV/0!,#DIV/0!,#DIV/0!,#DIV/0!,#DIV/0!,#DIV/0!,#DIV/0!
533,안기효TV,/channel/UCYG8tuvbQzWsDeoADyJFU8Q,안기효,0,0,0,0,0,0,0,0,#DIV/0!,#DIV/0!,#DIV/0!,#DIV/0!,#DIV/0!,#DIV/0!,#DIV/0!
534,우에하라아리,/channel/UC0EWVkB5mmeJ8z61rJWQTPg,우에하라아리,0,0,0,0,0,0,0,0,#DIV/0!,#DIV/0!,#DIV/0!,#DIV/0!,#DIV/0!,#DIV/0!,#DIV/0!
535,OVTV - 오비티비,/channel/UCcfuatJAWBygJ5Y3uPxTZsg,OVTV - 오비티비,0,0,0,0,0,0,0,0,#DIV/0!,#DIV/0!,#DIV/0!,#DIV/0!,#DIV/0!,#DIV/0!,#DIV/0!
536,이클리피아,/channel/UCRZURXN2vyCYzB9eYbSKQiw,이클리피아,0,0,0,0,0,0,0,0,#DIV/0!,#DIV/0!,#DIV/0!,#DIV/0!,#DIV/0!,#DIV/0!,#DIV/0!
537,하지,/channel/UCRmG4YBJMlBiH4rt8g2vNPw,하지,0,0,0,0,0,0,0,0,#DIV/0!,#DIV/0!,#DIV/0!,#DIV/0!,#DIV/0!,#DIV/0!,#DIV/0!
538,HAMA JUN,/channel/UCuWFQc0UEyNbT8v-pX83MjQ,HAMA JUN,0,0,0,0,0,0,0,0,#DIV/0!,#DIV/0!,#DIV/0!,#DIV/0!,#DIV/0!,#DIV/0!,#DIV/0!
539,불도그,/channel/UCBjPppB6FOLloYBUvgbqE_A,불도그,0,0,0,0,0,0,0,0,#DIV/0!,#DIV/0!,#DIV/0!,#DIV/0!,#DIV/0!,#DIV/0!,#DIV/0!
540,힙합가이,/channel/UC4ZsaUtdPtivLNNI5kozlDQ,가오가이,0,0,0,0,0,0,0,0,#DIV/0!,#DIV/0!,#DIV/0!,#DIV/0!,#DIV/0!,#DIV/0!,#DIV/0!
541,라간유튜브,/channel/UCqJB7rKizLzFYy2t_2rGahw,임경현,0,0,0,0,0,0,0,0,#DIV/0!,#DIV/0!,#DIV/0!,#DIV/0!,#DIV/0!,#DIV/0!,#DIV/0!
542,이중선,/channel/UCw7FqLmYfW-nAVhEd_grcZg,이중선,0,0,0,0,0,0,0,0,#DIV/0!,#DIV/0!,#DIV/0!,#DIV/0!,#DIV/0!,#DIV/0!,#DIV/0!
543,건곤,/channel/UCfO-Z1ZCFn9DF5217ZySjfw,건곤,0,0,0,0,0,0,0,0,#DIV/0!,#DIV/0!,#DIV/0!,#DIV/0!,#DIV/0!,#DIV/0!,#DIV/0!
544,유튜브박사장,/channel/UCqbx_XBQEA80FHsnLQOKXrw,박사장,0,0,0,0,0,0,0,0,#DIV/0!,#DIV/0!,#DIV/0!,#DIV/0!,#DIV/0!,#DIV/0!,#DIV/0!
545,Mihaya Gaming,/channel/UC5LL5w510Njr8heGeue1sEA,mihaya,0,0,0,0,0,0,0,0,#DIV/0!,#DIV/0!,#DIV/0!,#DIV/0!,#DIV/0!,#DIV/0!,#DIV/0!
546,Racing Park,/channel/UCAPVYRwD-6yYx85oqgFnqCw,CarX Drift Racing,0,0,0,0,0,0,0,0,#DIV/0!,#DIV/0!,#DIV/0!,#DIV/0!,#DIV/0!,#DIV/0!,#DIV/0!
547,라이언티,/channel/UChGrYmp0PTFef-XOjueNH6w,더빙레이디,0,0,0,0,0,0,0,0,#DIV/0!,#DIV/0!,#DIV/0!,#DIV/0!,#DIV/0!,#DIV/0!,#DIV/0!
548,나미춘 choontube,/channel/UCfUnRLITvC9bNpShAEIIhMA,윤태진,0,0,0,0,0,0,0,0,#DIV/0!,#DIV/0!,#DIV/0!,#DIV/0!,#DIV/0!,#DIV/0!,#DIV/0!
549,서봄,/channel/UCkQWAIUktzea2l8xT1GyVSg,서봄(유튜버),0,0,0,0,0,0,0,0,#DIV/0!,#DIV/0!,#DIV/0!,#DIV/0!,#DIV/0!,#DIV/0!,#DIV/0!
550,수닝유튜브,/channel/UC4i0dvptG3PokPjMx6r1zNQ,수닝,0,0,0,0,0,0,0,0,#DIV/0!,#DIV/0!,#DIV/0!,#DIV/0!,#DIV/0!,#DIV/0!,#DIV/0!
551,캡틴김수호,/channel/UCYaFxuv97e0qSx1MU9FvhGg,캡틴김수호,0,0,0,0,0,0,0,0,#DIV/0!,#DIV/0!,#DIV/0!,#DIV/0!,#DIV/0!,#DIV/0!,#DIV/0!
552,겜블비,/channel/UCGHtLohOnwNBhuJnPTjNo8g,더블비,0,0,0,0,0,0,0,0,#DIV/0!,#DIV/0!,#DIV/0!,#DIV/0!,#DIV/0!,#DIV/0!,#DIV/0!
553,게임저장소,/channel/UC4pUn2_URkvOvObfNcyvRzw,게임저장소,0,0,0,0,0,0,0,0,#DIV/0!,#DIV/0!,#DIV/0!,#DIV/0!,#DIV/0!,#DIV/0!,#DIV/0!
554,김호랭,/channel/UCZo3yJ0wjksu7AZAjPMCgbA,김호랭,0,0,0,0,0,0,0,0,#DIV/0!,#DIV/0!,#DIV/0!,#DIV/0!,#DIV/0!,#DIV/0!,#DIV/0!
555,김진우,/channel/UCweizAaKFQrSEYnleVOZqTA,지누(인터넷 방송인),0,0,0,0,0,0,0,0,#DIV/0!,#DIV/0!,#DIV/0!,#DIV/0!,#DIV/0!,#DIV/0!,#DIV/0!
556,리버스,/channel/UCFBGBsvOMA2gbxmnxgotsmw,리버스,0,0,0,0,0,0,0,0,#DIV/0!,#DIV/0!,#DIV/0!,#DIV/0!,#DIV/0!,#DIV/0!,#DIV/0!
557,플러리 Flurry,/channel/UCdZGwKwvi_i5BLvFzCj4FXw,조현수,0,0,0,0,0,0,0,0,#DIV/0!,#DIV/0!,#DIV/0!,#DIV/0!,#DIV/0!,#DIV/0!,#DIV/0!
558,웃소 게임즈,/channel/UCRMX7IWlG7Hqna2gDhGan_g,웃소,0,0,0,0,0,0,0,0,#DIV/0!,#DIV/0!,#DIV/0!,#DIV/0!,#DIV/0!,#DIV/0!,#DIV/0!
559,백설양,/channel/UCQPPzb7y4aJz6VV1F3v066g,백설양,0,0,0,0,0,0,0,0,#DIV/0!,#DIV/0!,#DIV/0!,#DIV/0!,#DIV/0!,#DIV/0!,#DIV/0!
560,TV효근,/channel/UCG8FY3eGM47TVmv8x5ZhA7A,효근,0,0,0,0,0,0,0,0,#DIV/0!,#DIV/0!,#DIV/0!,#DIV/0!,#DIV/0!,#DIV/0!,#DIV/0!
561,레고장인 채소골렘,/channel/UCYGtilUot-VLx6F-ubjg24Q,채소골렘,0,0,0,0,0,0,0,0,#DIV/0!,#DIV/0!,#DIV/0!,#DIV/0!,#DIV/0!,#DIV/0!,#DIV/0!
562,목츄리,/channel/UCzoX_XRk4Pd5thE2k59c2pw,Chu의 목츄리,0,0,0,0,0,0,0,0,#DIV/0!,#DIV/0!,#DIV/0!,#DIV/0!,#DIV/0!,#DIV/0!,#DIV/0!
563,강교생 KCS,/channel/UCF90fBrj4HP9VpdwGiQkrmQ,강교생,0,0,0,0,0,0,0,0,#DIV/0!,#DIV/0!,#DIV/0!,#DIV/0!,#DIV/0!,#DIV/0!,#DIV/0!
564,지수소녀 유튜브,/channel/UChzIscohei65H-7T-Pztaww,지수소녀,0,0,0,0,0,0,0,0,#DIV/0!,#DIV/0!,#DIV/0!,#DIV/0!,#DIV/0!,#DIV/0!,#DIV/0!
565,감블러,/channel/UCgmQJAJuiddthVUfJmWxltA,감블러,0,0,0,0,0,0,0,0,#DIV/0!,#DIV/0!,#DIV/0!,#DIV/0!,#DIV/0!,#DIV/0!,#DIV/0!
566,파닭Padalg,/channel/UCyGe1k6hJ-t7ZlYfYSmPdag,파닭,0,0,0,0,0,0,0,0,#DIV/0!,#DIV/0!,#DIV/0!,#DIV/0!,#DIV/0!,#DIV/0!,#DIV/0!
567,하솜,/channel/UC7xJ1J2TD7JwYlyL4RkBWmw,하솜,0,0,0,0,0,0,0,0,#DIV/0!,#DIV/0!,#DIV/0!,#DIV/0!,#DIV/0!,#DIV/0!,#DIV/0!
568,Baby HAPUM,/channel/UCs8zXRDTNzCdaNCioaENt5g,Baby HAPUM,0,0,0,0,0,0,0,0,#DIV/0!,#DIV/0!,#DIV/0!,#DIV/0!,#DIV/0!,#DIV/0!,#DIV/0!
569,에스카,/channel/UCoIoRtXGGPCaOE0qQHKXjvw,김인재,0,0,0,0,0,0,0,0,#DIV/0!,#DIV/0!,#DIV/0!,#DIV/0!,#DIV/0!,#DIV/0!,#DIV/0!
570,혁구,/channel/UC2HEQnILETT1x7V9iW3H1Kw,혁구,0,0,0,0,0,0,0,0,#DIV/0!,#DIV/0!,#DIV/0!,#DIV/0!,#DIV/0!,#DIV/0!,#DIV/0!
571,조디악,/channel/UC1b5zAyQWKa9KkIzC4wol0Q,조디악,0,0,0,0,0,0,0,0,#DIV/0!,#DIV/0!,#DIV/0!,#DIV/0!,#DIV/0!,#DIV/0!,#DIV/0!
572,스타크래프트,/channel/UClWPSY-fuGOIldrlUTqoEag,스타크래프트,0,0,0,0,0,0,0,0,#DIV/0!,#DIV/0!,#DIV/0!,#DIV/0!,#DIV/0!,#DIV/0!,#DIV/0!
573,배룡 TV,/channel/UCLstY59V0mohZmcSGd33cPw,배룡,0,0,0,0,0,0,0,0,#DIV/0!,#DIV/0!,#DIV/0!,#DIV/0!,#DIV/0!,#DIV/0!,#DIV/0!
574,곽민선,/channel/UCk0BKqdh8W4FR2eRTZ5Uoug,곽민선,0,0,0,0,0,0,0,0,#DIV/0!,#DIV/0!,#DIV/0!,#DIV/0!,#DIV/0!,#DIV/0!,#DIV/0!
575,레알이,/channel/UCpUMkvvodRfGDkVN27lFe3Q,레알이,0,0,0,0,0,0,0,0,#DIV/0!,#DIV/0!,#DIV/0!,#DIV/0!,#DIV/0!,#DIV/0!,#DIV/0!
576,Yellow character gameplay,/channel/UCymWBXiV4f_N-_xPgwmpEQA,Piggy(Book1),0,0,0,0,0,0,0,0,#DIV/0!,#DIV/0!,#DIV/0!,#DIV/0!,#DIV/0!,#DIV/0!,#DIV/0!
577,노력왕먼치,/channel/UCQfISxq5legTqOt1h1us6lg,노력왕먼치,0,0,0,0,0,0,0,0,#DIV/0!,#DIV/0!,#DIV/0!,#DIV/0!,#DIV/0!,#DIV/0!,#DIV/0!
578,임요환,/channel/UCbGzoa8xSdjr-B3UdI06yPA,임요환,0,0,0,0,0,0,0,0,#DIV/0!,#DIV/0!,#DIV/0!,#DIV/0!,#DIV/0!,#DIV/0!,#DIV/0!
579,가재맨,/channel/UCnkytUgy0CtWd06up9CjNxg,가재맨,0,0,0,0,0,0,0,0,#DIV/0!,#DIV/0!,#DIV/0!,#DIV/0!,#DIV/0!,#DIV/0!,#DIV/0!
580,김채호의 필름찢기,/channel/UCNbUh4ETUOSNq0HMMVjhieQ,김채호의 필름찢기,0,0,0,0,0,0,0,0,#DIV/0!,#DIV/0!,#DIV/0!,#DIV/0!,#DIV/0!,#DIV/0!,#DIV/0!
581,제독신ParkJunHyo,/channel/UCqpW5qIRfLkgnYtpe59Fapw,박준효,0,0,0,0,0,0,0,0,#DIV/0!,#DIV/0!,#DIV/0!,#DIV/0!,#DIV/0!,#DIV/0!,#DIV/0!
582,얍얍,/channel/UCnb4EuP3C0dxeika3b-bnXA,얍얍,0,0,0,0,0,0,0,0,#DIV/0!,#DIV/0!,#DIV/0!,#DIV/0!,#DIV/0!,#DIV/0!,#DIV/0!
583,주간신보석,/channel/UCY5Xbo2lSFqdDQGZJTXfFZA,원창연,0,0,0,0,0,0,0,0,#DIV/0!,#DIV/0!,#DIV/0!,#DIV/0!,#DIV/0!,#DIV/0!,#DIV/0!
584,YESOON,/channel/UCQEvlqmTcqU6SbjNhsft2wg,예순(유튜버),0,0,0,0,0,0,0,0,#DIV/0!,#DIV/0!,#DIV/0!,#DIV/0!,#DIV/0!,#DIV/0!,#DIV/0!
585,코뚱잉,/channel/UC4q2QOe3Ht73lVO-31JnkQQ,코뚱잉,0,0,0,0,0,0,0,0,#DIV/0!,#DIV/0!,#DIV/0!,#DIV/0!,#DIV/0!,#DIV/0!,#DIV/0!
586,게임넛 GAMENUT,/channel/UCMru5gvumXqykoro-yDwQCw,게임넛,0,0,0,0,0,0,0,0,#DIV/0!,#DIV/0!,#DIV/0!,#DIV/0!,#DIV/0!,#DIV/0!,#DIV/0!
587,성주로운 게임생활,/channel/UCfo5uQjcvpD7M3V29pgINnA,양띵/대규모 콘텐츠,0,0,0,0,0,0,0,0,#DIV/0!,#DIV/0!,#DIV/0!,#DIV/0!,#DIV/0!,#DIV/0!,#DIV/0!
588,이문주,/channel/UCfdLDnGcRM3okEOtocWNHuQ,이문주,0,0,0,0,0,0,0,0,#DIV/0!,#DIV/0!,#DIV/0!,#DIV/0!,#DIV/0!,#DIV/0!,#DIV/0!
589,주보리 JooBoRi,/channel/UCRkwhAO2CKNXPcFXAMfn0ng,주보리,0,0,0,0,0,0,0,0,#DIV/0!,#DIV/0!,#DIV/0!,#DIV/0!,#DIV/0!,#DIV/0!,#DIV/0!
590,설레임 TV,/channel/UC-sn1taSI0CEWg8n4M7WDMQ,설레임 에디션,0,0,0,0,0,0,0,0,#DIV/0!,#DIV/0!,#DIV/0!,#DIV/0!,#DIV/0!,#DIV/0!,#DIV/0!
591,플이,/channel/UCMmlqTsmThrRulFDlyhIUsw,플이,0,0,0,0,0,0,0,0,#DIV/0!,#DIV/0!,#DIV/0!,#DIV/0!,#DIV/0!,#DIV/0!,#DIV/0!
592,코지CoZy,/channel/UC7bDvA98eXIUiLMwXPfdF2Q,코지(동음이의어),0,0,0,0,0,0,0,0,#DIV/0!,#DIV/0!,#DIV/0!,#DIV/0!,#DIV/0!,#DIV/0!,#DIV/0!
593,LEE&lee리앤리,/channel/UCaxgabcQh_tiPIcZfOS8zXg,,0,0,0,0,0,0,0,0,#DIV/0!,#DIV/0!,#DIV/0!,#DIV/0!,#DIV/0!,#DIV/0!,#DIV/0!
594,OCK CLAY,/channel/UCBdRqVCFEAuJnfnHTW3RMPQ,아이언(가수),0,0,0,0,0,0,0,0,#DIV/0!,#DIV/0!,#DIV/0!,#DIV/0!,#DIV/0!,#DIV/0!,#DIV/0!
595,수학자,/channel/UC7Mc5ssSVpWzqH9mlRGEEAg,수학자,0,0,0,0,0,0,0,0,#DIV/0!,#DIV/0!,#DIV/0!,#DIV/0!,#DIV/0!,#DIV/0!,#DIV/0!
596,싸패TV,/channel/UCfycsfXKilVd-EBL9VC8RGA,싸패,0,0,0,0,0,0,0,0,#DIV/0!,#DIV/0!,#DIV/0!,#DIV/0!,#DIV/0!,#DIV/0!,#DIV/0!
597,Sun,/channel/UCCILo-Qu-OMAb1zpzDa6B3A,SUN,0,0,0,0,0,0,0,0,#DIV/0!,#DIV/0!,#DIV/0!,#DIV/0!,#DIV/0!,#DIV/0!,#DIV/0!
598,도멘TV [DOTUBE],/channel/UCFHUplScMiWTjJrtv4hxWmg,도재욱,0,0,0,0,0,0,0,0,#DIV/0!,#DIV/0!,#DIV/0!,#DIV/0!,#DIV/0!,#DIV/0!,#DIV/0!
599,에프람,/channel/UCVgTydj9KUfDm_qmXPtx0FA,김주호(프로게이머),0,0,0,0,0,0,0,0,#DIV/0!,#DIV/0!,#DIV/0!,#DIV/0!,#DIV/0!,#DIV/0!,#DIV/0!
600,금융인 강은호,/channel/UC9pCNmC-Ovq2sRfHIwLDuIg,강은호,0,0,0,0,0,0,0,0,#DIV/0!,#DIV/0!,#DIV/0!,#DIV/0!,#DIV/0!,#DIV/0!,#DIV/0!
601,dragonvillage_official,/channel/UC6g-3ON3MpaiUuxBg25CZAg,드래곤빌리지,0,0,0,0,0,0,0,0,#DIV/0!,#DIV/0!,#DIV/0!,#DIV/0!,#DIV/0!,#DIV/0!,#DIV/0!
602,로자르TV,/channel/UCuwnt_REmD4YsCtFJRoqjFw,로자르,0,0,0,0,0,0,0,0,#DIV/0!,#DIV/0!,#DIV/0!,#DIV/0!,#DIV/0!,#DIV/0!,#DIV/0!
603,고래쉬,/channel/UCCWcDTQwUzYxxQNxP17F-Rw,고래쉬,0,0,0,0,0,0,0,0,#DIV/0!,#DIV/0!,#DIV/0!,#DIV/0!,#DIV/0!,#DIV/0!,#DIV/0!
604,신성조,/channel/UCNCZoEdHHuF76DZ78IBJvlQ,신성조,0,0,0,0,0,0,0,0,#DIV/0!,#DIV/0!,#DIV/0!,#DIV/0!,#DIV/0!,#DIV/0!,#DIV/0!
605,새루 유튜브/SaeRu YouTube,/channel/UCzZepWSPs2VCpCirB3zGgtw,새루,0,0,0,0,0,0,0,0,#DIV/0!,#DIV/0!,#DIV/0!,#DIV/0!,#DIV/0!,#DIV/0!,#DIV/0!
606,BJ섭이 FIFA4 S2 Korea,/channel/UCKd2rI7xVJm86kav7okWC6A,김승섭(프로게이머),0,0,0,0,0,0,0,0,#DIV/0!,#DIV/0!,#DIV/0!,#DIV/0!,#DIV/0!,#DIV/0!,#DIV/0!
607,랑께님,/channel/UCkye8NKh9-zmsi466P_stcA,랑께님,0,0,0,0,0,0,0,0,#DIV/0!,#DIV/0!,#DIV/0!,#DIV/0!,#DIV/0!,#DIV/0!,#DIV/0!
608,요루루유튜브,/channel/UCXCa03lRK6tlntZoJ7TUWRw,요루루,0,0,0,0,0,0,0,0,#DIV/0!,#DIV/0!,#DIV/0!,#DIV/0!,#DIV/0!,#DIV/0!,#DIV/0!
609,다누리,/channel/UCtcw3t27H9qFwcdAujrDEyQ,다누리,0,0,0,0,0,0,0,0,#DIV/0!,#DIV/0!,#DIV/0!,#DIV/0!,#DIV/0!,#DIV/0!,#DIV/0!
610,연두부 YouTube,/channel/UCmOmhm_p0UEwcPkAmotX8RQ,연두부(인터넷 방송인),0,0,0,0,0,0,0,0,#DIV/0!,#DIV/0!,#DIV/0!,#DIV/0!,#DIV/0!,#DIV/0!,#DIV/0!
611,MGTV,/channel/UCKymUugOQ8dkT7dZ4KmK_3g,후난 방송영상 그룹,0,0,0,0,0,0,0,0,#DIV/0!,#DIV/0!,#DIV/0!,#DIV/0!,#DIV/0!,#DIV/0!,#DIV/0!
612,살타 Salta,/channel/UCsbo5VemDR505Etd5ZKnWNA,살타,0,0,0,0,0,0,0,0,#DIV/0!,#DIV/0!,#DIV/0!,#DIV/0!,#DIV/0!,#DIV/0!,#DIV/0!
613,YunMot,/channel/UCWtPonhrTEf25p9nONwBwYQ,,0,0,0,0,0,0,0,0,#DIV/0!,#DIV/0!,#DIV/0!,#DIV/0!,#DIV/0!,#DIV/0!,#DIV/0!
614,솜사탕,/channel/UClfxB3OFyNkolbCEXp-5v1w,솜사탕(유튜버),0,0,0,0,0,0,0,0,#DIV/0!,#DIV/0!,#DIV/0!,#DIV/0!,#DIV/0!,#DIV/0!,#DIV/0!
615,초승달,/channel/UCxx7UvIhPkEQxaplaWS2hLg,초승달(인터넷 방송인),0,0,0,0,0,0,0,0,#DIV/0!,#DIV/0!,#DIV/0!,#DIV/0!,#DIV/0!,#DIV/0!,#DIV/0!
616,신속,/channel/UC0hk2D145ogyBYMKjylWkkw,신속(인터넷 방송인),0,0,0,0,0,0,0,0,#DIV/0!,#DIV/0!,#DIV/0!,#DIV/0!,#DIV/0!,#DIV/0!,#DIV/0!
617,허블렛TV,/channel/UCJriMiQFo5023wkc2hWaiuA,허블렛,0,0,0,0,0,0,0,0,#DIV/0!,#DIV/0!,#DIV/0!,#DIV/0!,#DIV/0!,#DIV/0!,#DIV/0!
618,에어비스,/channel/UCXybGky1c_63xzXFzI0eU8A,에어비스,0,0,0,0,0,0,0,0,#DIV/0!,#DIV/0!,#DIV/0!,#DIV/0!,#DIV/0!,#DIV/0!,#DIV/0!
619,Nizzotch,/channel/UC3XJRyvLD7rvsVFCFS1IX0A,,0,0,0,0,0,0,0,0,#DIV/0!,#DIV/0!,#DIV/0!,#DIV/0!,#DIV/0!,#DIV/0!,#DIV/0!
620,MapleStory_KR,/channel/UCU_hKD03cUTCvnOJpEmKvCg,메이플스토리,0,0,0,0,0,0,0,0,#DIV/0!,#DIV/0!,#DIV/0!,#DIV/0!,#DIV/0!,#DIV/0!,#DIV/0!
621,김승희 KIMSEUNGHEE,/channel/UCPZkUGXQrWKqWFCfDMaZxhA,김승희(모델),0,0,0,0,0,0,0,0,#DIV/0!,#DIV/0!,#DIV/0!,#DIV/0!,#DIV/0!,#DIV/0!,#DIV/0!
622,나이스게임TV,/channel/UCVR8eG4I5Fies8NQFWF-KsA,나이스게임TV,0,0,0,0,0,0,0,0,#DIV/0!,#DIV/0!,#DIV/0!,#DIV/0!,#DIV/0!,#DIV/0!,#DIV/0!
623,만취한 오박사 Drunk Oak,/channel/UC0iFX-aClxo7TM6fE8K0duQ,만취한 오박사,0,0,0,0,0,0,0,0,#DIV/0!,#DIV/0!,#DIV/0!,#DIV/0!,#DIV/0!,#DIV/0!,#DIV/0!
624,라이너TV,/channel/UCqgRbodod44OjLp9tqpgkPw,라이너(인터넷 방송인),0,0,0,0,0,0,0,0,#DIV/0!,#DIV/0!,#DIV/0!,#DIV/0!,#DIV/0!,#DIV/0!,#DIV/0!
625,항심,/channel/UCX1s-RbSfskDNPnrwH3GvKQ,항심,0,0,0,0,0,0,0,0,#DIV/0!,#DIV/0!,#DIV/0!,#DIV/0!,#DIV/0!,#DIV/0!,#DIV/0!
626,주식회사 중계진,/channel/UCNymqCXr3sxL8dnmO_jScuA,이승원(게임 해설가),0,0,0,0,0,0,0,0,#DIV/0!,#DIV/0!,#DIV/0!,#DIV/0!,#DIV/0!,#DIV/0!,#DIV/0!
627,카오,/channel/UCXkY64Z4UW9XEluhplCJafQ,카오(유튜버),0,0,0,0,0,0,0,0,#DIV/0!,#DIV/0!,#DIV/0!,#DIV/0!,#DIV/0!,#DIV/0!,#DIV/0!
628,中譯版今日韓服精華,/channel/UCLrMXBAgIPbOPR0h_6xWVrA,나무위키,0,0,0,0,0,0,0,0,#DIV/0!,#DIV/0!,#DIV/0!,#DIV/0!,#DIV/0!,#DIV/0!,#DIV/0!
629,Play with Toy,/channel/UChvR-r6dtgPkXhY4rvPgq2A,배틀토이,0,0,0,0,0,0,0,0,#DIV/0!,#DIV/0!,#DIV/0!,#DIV/0!,#DIV/0!,#DIV/0!,#DIV/0!
630,프로즈,/channel/UCww3MeqGQnIatVvEr3pSjhA,프로즈(유튜버),0,0,0,0,0,0,0,0,#DIV/0!,#DIV/0!,#DIV/0!,#DIV/0!,#DIV/0!,#DIV/0!,#DIV/0!
631,ROBLOX 해달선,/channel/UCwqLV5Xndjm4Wztk-c7IMjQ,해달선,0,0,0,0,0,0,0,0,#DIV/0!,#DIV/0!,#DIV/0!,#DIV/0!,#DIV/0!,#DIV/0!,#DIV/0!
632,김기열,/channel/UCf8xJL-CznwfW7W2LO3y_EQ,김기열,0,0,0,0,0,0,0,0,#DIV/0!,#DIV/0!,#DIV/0!,#DIV/0!,#DIV/0!,#DIV/0!,#DIV/0!
633,사이,/channel/UCqEoc6yuYRg5CFG4NIG8euQ,사이,0,0,0,0,0,0,0,0,#DIV/0!,#DIV/0!,#DIV/0!,#DIV/0!,#DIV/0!,#DIV/0!,#DIV/0!
634,닼발DACKBAL,/channel/UCQIx6hvYi2eurTCAum1HNyQ,닼발,0,0,0,0,0,0,0,0,#DIV/0!,#DIV/0!,#DIV/0!,#DIV/0!,#DIV/0!,#DIV/0!,#DIV/0!
635,축덕,/channel/UCj1Q64mwSIbGSJXZjhuAnLQ,축덕,0,0,0,0,0,0,0,0,#DIV/0!,#DIV/0!,#DIV/0!,#DIV/0!,#DIV/0!,#DIV/0!,#DIV/0!
636,Polypuff,/channel/UC0aFOAetT4Hur0qmOnmmbBA,,0,0,0,0,0,0,0,0,#DIV/0!,#DIV/0!,#DIV/0!,#DIV/0!,#DIV/0!,#DIV/0!,#DIV/0!
637,정윤종,/channel/UCGyIKWpa4cbKJQIc2hNmVJA,정윤종,0,0,0,0,0,0,0,0,#DIV/0!,#DIV/0!,#DIV/0!,#DIV/0!,#DIV/0!,#DIV/0!,#DIV/0!
638,코태(Kotae),/channel/UCJFkH0p-M4_WEaHvLqWnkIg,,0,0,0,0,0,0,0,0,#DIV/0!,#DIV/0!,#DIV/0!,#DIV/0!,#DIV/0!,#DIV/0!,#DIV/0!
639,LinkTrader,/channel/UC8JzTlzwWkbyQuXaYDb00nA,,0,0,0,0,0,0,0,0,#DIV/0!,#DIV/0!,#DIV/0!,#DIV/0!,#DIV/0!,#DIV/0!,#DIV/0!
640,눈가루,/channel/UCAXuZuWLv9oLq6SEXnOppNA,눈가루TV,0,0,0,0,0,0,0,0,#DIV/0!,#DIV/0!,#DIV/0!,#DIV/0!,#DIV/0!,#DIV/0!,#DIV/0!
183,TheRankings,/channel/UCv0Fm-Ge7D_zmN9Gw9x2cMA,비트코인,0,2,16,0,1,20,1,40,0,5,40,0,2.5,50,2.5
360,라더,/channel/UCDujSmC7qoEp89PE4ANN0vA,라더,0,5,2,2,1,7,3,20,0,25,10,10,5,35,15
356,Rush,/channel/UCkV_ZgwCFlAvUIu4k0UBBaQ,이윤재(프로게이머),2,9,11,3,5,18,4,52,3.846153846,17.30769231,21.15384615,5.769230769,9.615384615,34.61538462,7.692307692
307,훈토이TV,/channel/UC3ihyjIvubiIAieg8SlmtIQ,훈토이TV,12,58,50,10,6,77,17,230,5.217391304,25.2173913,21.73913043,4.347826087,2.608695652,33.47826087,7.391304348
278,깝도이,/channel/UCqVkQsNin4MdGFrWvzFVOKw,깝도이,3,9,5,1,0,10,2,30,10,30,16.66666667,3.333333333,0,33.33333333,6.666666667
98,Today on the Korean Server,/channel/UC65ZDJCYI1dwzj48XIeuOBA,서버,4,1,30,0,1,20,4,60,6.666666667,1.666666667,50,0,1.666666667,33.33333333,6.666666667
230,동수칸TV,/channel/UCVJT18d9wSCnDUdnJ9ycO7Q,한동숙,2,16,11,0,0,14,1,44,4.545454545,36.36363636,25,0,0,31.81818182,2.272727273
322,EFFECT,/channel/UCcc3YwvoDF3LqfGZPZmCyhg,황현(인터넷 방송인),18,89,54,23,11,100,20,315,5.714285714,28.25396825,17.14285714,7.301587302,3.492063492,31.74603175,6.349206349
152,하창봉,/channel/UCilYpdgaNbW8x8_E83vomNw,하창봉,7,20,12,9,0,25,9,82,8.536585366,24.3902439,14.63414634,10.97560976,0,30.48780488,10.97560976
238,웁tv,/channel/UCnCFD3met1Ip7OngdF9TRDg,웁,5,28,12,3,6,26,6,86,5.813953488,32.55813953,13.95348837,3.488372093,6.976744186,30.23255814,6.976744186
193,Project LOL,/channel/UC5WxymH7e2H_SGjJyvTb-iA,프로젝트(리그 오브 레전드),19,63,45,13,9,72,19,240,7.916666667,26.25,18.75,5.416666667,3.75,30,7.916666667
228,아구 TV,/channel/UCAGUSx1hbPKDqzBZH7bTjiA,아구(인터넷 방송인),21,42,28,8,13,51,12,175,12,24,16,4.571428571,7.428571429,29.14285714,6.857142857
1,Xbox,/channel/UCjBp_7RuDBUYbd1LegWEJ8g,Xbox,22,17,321,0,57,185,42,644,3.416149068,2.639751553,49.8447205,0,8.850931677,28.72670807,6.52173913
68,Partition Zion,/channel/UCn_9mH91rLWez9SZ6AdjfYg,Partition Zion,47,35,337,7,49,225,87,787,5.972045743,4.447268107,42.82083863,0.889453621,6.226175349,28.58958069,11.05463787
270,힘쎈너구리,/channel/UCADf92tisOOh90hrZee4-LA,힘쎈너구리,78,227,138,41,26,225,62,797,9.786700125,28.48180678,17.31493099,5.144291092,3.262233375,28.23086575,7.779171895
248,홍개,/channel/UCDkQMlfo7GvgvnrkPawW9tg,홍개,17,57,38,9,8,57,16,202,8.415841584,28.21782178,18.81188119,4.455445545,3.96039604,28.21782178,7.920792079
365,쉐리,/channel/UClDbuB3bgZYVIaN3534c_ew,쉐리(인터넷 방송인),3,20,17,3,5,20,3,71,4.225352113,28.16901408,23.94366197,4.225352113,7.042253521,28.16901408,4.225352113
348,Revinen,/channel/UCVszhXaoqB7Ekx1coEU6PzA,Revinen,5,10,65,3,8,40,11,142,3.521126761,7.042253521,45.77464789,2.112676056,5.633802817,28.16901408,7.746478873
49,Cowsep,/channel/UCgzC7SsCYSfGrVWoHQS5W8A,Cowsep,35,38,231,2,20,138,28,492,7.113821138,7.723577236,46.95121951,0.406504065,4.06504065,28.04878049,5.691056911
145,Core-A Gaming,/channel/UCT7njg__VOy3n-SvXemDHvg,Burning Core,62,45,342,3,34,196,28,710,8.732394366,6.338028169,48.16901408,0.422535211,4.788732394,27.6056338,3.943661972
276,왈도쿤,/channel/UC-S8JFhLkQ5enhB70c2CYIw,왈도쿤,77,224,177,53,25,235,66,857,8.984830805,26.13768961,20.65344224,6.184364061,2.917152859,27.42123687,7.701283547
355,[KongAlTube]콩알튜브,/channel/UCDqkO1FZXchBTGtsm7uO8jw,보람튜브,11,86,64,20,8,82,34,305,3.606557377,28.19672131,20.98360656,6.557377049,2.62295082,26.8852459,11.14754098
232,심즈 아무나AMUNA,/channel/UCKQm9pMIE5ti11h_m6NEHpw,심즈 아무나,10,44,45,6,2,43,10,160,6.25,27.5,28.125,3.75,1.25,26.875,6.25
210,ZealsAmbitions,/channel/UCpDcj6E73QeFkmqk7gH5wxA,,9,8,78,1,10,44,14,164,5.487804878,4.87804878,47.56097561,0.609756098,6.097560976,26.82926829,8.536585366
291,Draw Anything Animations,/channel/UC_ZYBT7vZOSyoyfeQraKCOw,Art's Animations,26,32,116,2,15,78,24,293,8.873720137,10.92150171,39.59044369,0.682593857,5.119453925,26.62116041,8.19112628
374,코렛트YouTube,/channel/UCvmHDocKuL6MVx1qRgqLV9g,코렛트(인터넷 방송인),19,50,29,2,6,43,13,162,11.72839506,30.86419753,17.90123457,1.234567901,3.703703704,26.54320988,8.024691358
173,GH'S,/channel/UCdrBnBNLsN4_cH32HWbr9qg,GH,13,46,34,4,5,39,6,147,8.843537415,31.29251701,23.1292517,2.721088435,3.401360544,26.53061224,4.081632653
231,BRUSH,/channel/UCRqcPtAY2IrOjjOPt2TbYVQ,펄렁붓,5,47,37,24,10,51,19,193,2.590673575,24.35233161,19.17098446,12.43523316,5.18134715,26.42487047,9.844559585
330,코브,/channel/UCqFt6raBlXK-qJCWsTKW62A,코브(유튜버),29,51,56,5,4,61,28,234,12.39316239,21.79487179,23.93162393,2.136752137,1.709401709,26.06837607,11.96581197
223,[ALTUBE] 김성현TV,/channel/UCOTJtP0Z9DjpPU43B5m1V6A,김성현(프로게이머),21,53,47,7,4,52,16,200,10.5,26.5,23.5,3.5,2,26,8
288,우왁굳의 풀업로두,/channel/UCzh4yY8rl38knH33XpNqXbQ,왁카데미,17,44,9,3,5,31,11,120,14.16666667,36.66666667,7.5,2.5,4.166666667,25.83333333,9.166666667
109,닥터파이어,/channel/UCUsrcN6Vtqr05ibbow_rnBw,닥터파이어,58,300,142,59,21,215,39,834,6.954436451,35.97122302,17.0263789,7.074340528,2.517985612,25.7793765,4.676258993
48,김왼팔,/channel/UCPI40-XQA9-GBGj2k8PPqfg,김왼팔,102,285,148,38,26,236,83,918,11.11111111,31.04575163,16.12200436,4.139433551,2.832244009,25.708061,9.041394336
211,플레임TV,/channel/UCDLDbittWhk2KXvaCT0YpZQ,플레임TV,11,62,43,9,5,56,32,218,5.04587156,28.44036697,19.72477064,4.128440367,2.293577982,25.68807339,14.67889908
39,머독방송,/channel/UC-Zedn7a_RJyb5hUQ-aGZog,머독(인터넷 방송인),64,167,139,6,23,150,41,590,10.84745763,28.30508475,23.55932203,1.016949153,3.898305085,25.42372881,6.949152542
264,김용녀,/channel/UCXmdpmRnf5WKMssvByY2Elg,김용녀,20,130,62,16,10,91,30,359,5.571030641,36.21169916,17.27019499,4.456824513,2.78551532,25.34818942,8.356545961
192,에렌디라,/channel/UC6xWZn2suKPqAQkidOiMeHg,에렌디라,2,9,2,0,1,5,1,20,10,45,10,0,5,25,5
175,김진솔,/channel/UC2qm7lVDDnGuvNj6D9jHFkA,김진솔(인터넷 방송인),10,21,17,5,8,22,6,89,11.23595506,23.59550562,19.1011236,5.617977528,8.988764045,24.71910112,6.741573034
227,브롤스타즈,/channel/UClJspSpzADMROqOW9HLHaoA,브롤스타즈,1,34,19,3,2,20,2,81,1.234567901,41.97530864,23.45679012,3.703703704,2.469135802,24.69135802,2.469135802
290,소맥거핀,/channel/UCaaZFxjlHI3T_I-uFbldIGA,소맥거핀,10,27,36,9,4,31,9,126,7.936507937,21.42857143,28.57142857,7.142857143,3.174603175,24.6031746,7.142857143
32,makeUmove,/channel/UCc0_4m8a-YtBHEcYwjEnbxw,맥큐뭅,41,128,267,14,41,174,45,710,5.774647887,18.02816901,37.6056338,1.971830986,5.774647887,24.50704225,6.338028169
169,청원이,/channel/UCCs1YZHxUTIbLZd-xrvvMCw,청원이,17,33,64,13,4,49,20,200,8.5,16.5,32,6.5,2,24.5,10
226,JINTUBE,/channel/UCi66uG_I878tcnbIhN7KRcg,,14,30,74,3,8,44,7,180,7.777777778,16.66666667,41.11111111,1.666666667,4.444444444,24.44444444,3.888888889
375,최군TV [무삭제 풀영상],/channel/UCwGeidQWKEMdFIujQrz37qw,최군,6,39,13,2,3,21,2,86,6.976744186,45.34883721,15.11627907,2.325581395,3.488372093,24.41860465,2.325581395
275,브론즈연합회,/channel/UC-39bqpwYeoyvm2qHfAhHiA,브론즈연합회,68,387,104,25,32,218,59,893,7.614781635,43.33706607,11.64613662,2.799552072,3.583426652,24.41209406,6.606942889
379,홀릿 Youtube Holit,/channel/UCoH2pCzAr6zWDG-LtUiLWRw,홀릿(유튜버),23,64,56,16,6,61,24,250,9.2,25.6,22.4,6.4,2.4,24.4,9.6
12,뜨뜨뜨뜨,/channel/UCHxKSivB6JLZ1SEMdxd1fAg,뜨뜨뜨뜨,79,193,99,26,20,143,28,588,13.43537415,32.82312925,16.83673469,4.421768707,3.401360544,24.31972789,4.761904762
344,온다람,/channel/UC3LNd5iXQZ8WinaOpfwXveA,온다람,16,47,30,14,7,43,20,177,9.039548023,26.55367232,16.94915254,7.90960452,3.95480226,24.29378531,11.29943503
394,장파Jang Pa,/channel/UC8vlKcN5OpklBkb-Q2xGGjA,장파(인터넷 방송인),8,55,37,4,2,36,7,149,5.369127517,36.91275168,24.83221477,2.684563758,1.342281879,24.16107383,4.697986577
305,로빈,/channel/UCo33r3SAf5z9MS-lrXV2aOQ,로빈,8,67,40,10,4,43,6,178,4.494382022,37.64044944,22.47191011,5.617977528,2.247191011,24.15730337,3.370786517
332,순당무,/channel/UCZW0yRW2HK7_fzgL9HQu9ZA,순당무,25,52,27,6,10,43,15,178,14.04494382,29.21348315,15.16853933,3.370786517,5.617977528,24.15730337,8.426966292
321,살인마협회장,/channel/UCgWwo8FJL3MCxfd66ip7nFg,살인마협회장,22,34,21,11,8,35,14,145,15.17241379,23.44827586,14.48275862,7.586206897,5.517241379,24.13793103,9.655172414
19,테스터훈 TesterHoon,/channel/UCUbOogiD-4PKDqaJfSOTC0g,테스터훈,30,199,84,11,10,112,19,465,6.451612903,42.79569892,18.06451613,2.365591398,2.150537634,24.08602151,4.086021505
313,리타유튜브,/channel/UCzMAqDi4M4CrwMSi_EnnV4g,리타(인터넷 방송인),20,113,45,9,6,66,16,275,7.272727273,41.09090909,16.36363636,3.272727273,2.181818182,24,5.818181818
153,Summoners War Esports,/channel/UCy5CDpZBPxd9O20BnIt8YWg,서머너즈 워 : 천공의 아레나,3,4,8,2,0,6,2,25,12,16,32,8,0,24,8
312,Bang,/channel/UCnDcpS7XLQ9KFPqULb9TH8g,배준식,11,76,38,17,3,47,4,196,5.612244898,38.7755102,19.3877551,8.673469388,1.530612245,23.97959184,2.040816327
250,Wall Su,/channel/UC5ScPjbt-a97AJO7SBj6nAg,Wall Su,16,24,41,11,2,34,15,143,11.18881119,16.78321678,28.67132867,7.692307692,1.398601399,23.77622378,10.48951049
37,연다,/channel/UCZcD2iYy55-SkEbv3tcMZrg,연다,57,252,133,44,17,181,78,762,7.480314961,33.07086614,17.45406824,5.774278215,2.230971129,23.75328084,10.23622047
362,Rope로페,/channel/UCAtwdcmAFuTeK_nQ-wxGW0w,로페,12,76,74,8,20,64,16,270,4.444444444,28.14814815,27.40740741,2.962962963,7.407407407,23.7037037,5.925925926
213,GOIS,/channel/UCEIzrF00OYA8B-WqAN5vUmg,GOIS,14,16,133,3,14,61,17,258,5.426356589,6.201550388,51.5503876,1.162790698,5.426356589,23.64341085,6.589147287
366,노란 단무지,/channel/UCLGFyHp-wUhKrmNJBWZg75A,노란 단무지,18,40,35,8,6,39,19,165,10.90909091,24.24242424,21.21212121,4.848484848,3.636363636,23.63636364,11.51515152
247,류으미,/channel/UCNeHPUKNUBmBMZy_rzHPzSw,류으미,18,46,45,4,5,43,21,182,9.89010989,25.27472527,24.72527473,2.197802198,2.747252747,23.62637363,11.53846154
300,엔마유튜브,/channel/UCF-rFAdN7dzd-SI2T3rkCaQ,엔마,29,89,75,6,13,70,15,297,9.764309764,29.96632997,25.25252525,2.02020202,4.377104377,23.56902357,5.050505051
240,TV블루위키,/channel/UCQreDC73rqiw1wSc_ZYwgHA,블루위키,29,88,105,16,6,84,29,357,8.1232493,24.64985994,29.41176471,4.481792717,1.680672269,23.52941176,8.1232493
15,T1 Faker,/channel/UCpJw2H9KKqwCCGQKRh1Bf2w,이상혁,48,259,110,24,14,149,30,634,7.570977918,40.85173502,17.35015773,3.785488959,2.208201893,23.50157729,4.731861199
147,TEAM UNIVERSE,/channel/UCDRtZhASdfRnyhae7s-UemA,TEAM UNIVERSE,61,300,160,39,22,196,57,835,7.305389222,35.92814371,19.16167665,4.670658683,2.634730539,23.47305389,6.826347305
254,도현,/channel/UC-Pn1i_ot4qmG4l7wMZPvyw,도현,34,64,37,15,8,53,15,226,15.04424779,28.31858407,16.37168142,6.637168142,3.539823009,23.45132743,6.637168142
202,준등,/channel/UCcgCkpS7T7yXztF30hzy8DQ,준등,5,25,15,2,2,15,0,64,7.8125,39.0625,23.4375,3.125,3.125,23.4375,0
329,해르시,/channel/UCwMzCpU05utIvYP7-tm08fA,해르시,19,84,57,10,6,56,7,239,7.949790795,35.14644351,23.84937238,4.184100418,2.510460251,23.43096234,2.928870293
241,녹두로 월드,/channel/UC9vz3TBChrJmYbzUo-rqfSg,녹두로,27,69,47,12,2,52,13,222,12.16216216,31.08108108,21.17117117,5.405405405,0.900900901,23.42342342,5.855855856
235,이초홍,/channel/UC-jHB5e-6LF-yz0kMCTZWdg,이초홍,12,56,25,4,4,33,7,141,8.510638298,39.71631206,17.73049645,2.836879433,2.836879433,23.40425532,4.964539007
151,미라클TV,/channel/UCLHwMFguUxHVSk91vzicEJw,미라클(인터넷 방송인),21,133,42,9,3,70,22,300,7,44.33333333,14,3,1,23.33333333,7.333333333
53,문호준,/channel/UCeivPjjK9-cdj8-gw4-7JRg,문호준,72,218,172,35,23,171,43,734,9.809264305,29.70027248,23.43324251,4.768392371,3.133514986,23.29700272,5.858310627
106,탬탬버린,/channel/UCCA8UWUW80iHqK9ymdjRwPg,탬탬버린,46,143,101,20,10,115,59,494,9.311740891,28.94736842,20.44534413,4.048582996,2.024291498,23.27935223,11.94331984
57,GCL 지씨엘,/channel/UCLuDznROytXtnMSDwo5aGJQ,GCL 지씨엘,56,163,118,25,15,131,55,563,9.946714032,28.95204263,20.95914742,4.440497336,2.664298401,23.26820604,9.769094139
135,튜브김민교,/channel/UCBA9XaL5wCdHnC5EmEzwrqw,김민교(인터넷 방송인),97,257,212,35,36,212,63,912,10.63596491,28.17982456,23.24561404,3.837719298,3.947368421,23.24561404,6.907894737
295,알짜,/channel/UC9Qsk7A_dVWZc6l1FRS8amQ,알짜,2,49,17,6,3,25,6,108,1.851851852,45.37037037,15.74074074,5.555555556,2.777777778,23.14814815,5.555555556
95,루태TV,/channel/UCzPLwuw2vJgxtEQk2nM4TVg,루태,23,75,57,8,6,57,21,247,9.311740891,30.36437247,23.07692308,3.238866397,2.429149798,23.07692308,8.502024291
249,신해조,/channel/UCiCNc3uj8Bnc9bDzHJS058Q,신해조,16,37,34,10,9,33,4,143,11.18881119,25.87412587,23.77622378,6.993006993,6.293706294,23.07692308,2.797202797
304,마인의 비하인드,/channel/UCzbLTaNlODXhvobAcTs4XRQ,마인의 비하인드,30,64,67,28,4,66,27,286,10.48951049,22.37762238,23.42657343,9.79020979,1.398601399,23.07692308,9.440559441
255,랑말TV,/channel/UCc_7XbnN1bTFMhquCKt3ngA,중화TV,4,11,36,0,4,18,5,78,5.128205128,14.1025641,46.15384615,0,5.128205128,23.07692308,6.41025641
314,강한달,/channel/UCIqg17JWrhmYT--KZbHk3HA,강한달,64,61,49,16,19,68,18,295,21.69491525,20.6779661,16.61016949,5.423728814,6.440677966,23.05084746,6.101694915
142,롤박사 해도리,/channel/UCCMQyaKDjQJY79VimTdaYYQ,롤박사 해도리,85,190,146,15,32,155,50,673,12.63001486,28.23179792,21.69390788,2.228826152,4.754829123,23.03120357,7.429420505
258,쌀튜브 Thal YouTube,/channel/UCoYFo-lRD3pchMUtsBcEbOA,박권혁,54,113,114,22,26,106,26,461,11.71366594,24.51193059,24.72885033,4.772234273,5.639913232,22.99349241,5.639913232
72,GreatMoonAroma 대월향,/channel/UCWL_9MaaMy8ObTDPmVHemjA,대월향,82,179,284,18,34,197,63,857,9.568261377,20.88681447,33.13885648,2.100350058,3.967327888,22.98716453,7.351225204
239,메도우이헌터,/channel/UC4rp07nTMJb13faNO94lm6A,메도우이헌터,5,23,2,15,0,14,2,61,8.196721311,37.70491803,3.278688525,24.59016393,0,22.95081967,3.278688525
243,런민기,/channel/UCY74n-XQJ69dxNdN7h71wLg,런민기,11,62,47,6,2,42,13,183,6.010928962,33.87978142,25.68306011,3.278688525,1.092896175,22.95081967,7.103825137
378,ryujehong,/channel/UCtt0Hg9MhraTkzWwNQpplHg,류제홍,32,86,31,7,5,50,7,218,14.67889908,39.44954128,14.22018349,3.211009174,2.293577982,22.93577982,3.211009174
339,게임토리,/channel/UCA57VZoIKNqjaBjokHPZbtg,토리,27,78,47,15,4,55,14,240,11.25,32.5,19.58333333,6.25,1.666666667,22.91666667,5.833333333
174,클래시 로얄,/channel/UCgT2gPsXQ0jqb3poL5wN31Q,클래시 로얄,13,32,31,11,2,30,12,131,9.923664122,24.42748092,23.66412214,8.396946565,1.526717557,22.90076336,9.160305344
33,텔론,/channel/UCl4nBkmJCDs6RR8uWldAqLA,텔론,89,241,157,38,35,179,43,782,11.38107417,30.81841432,20.07672634,4.859335038,4.475703325,22.89002558,5.498721228
370,왕군게임국,/channel/UCqONn4EbAYzIVEGAoQxmZUA,왕군게임국,22,96,55,18,6,63,16,276,7.971014493,34.7826087,19.92753623,6.52173913,2.173913043,22.82608696,5.797101449
146,푸린,/channel/UC7bcRlidTERRb_MKRHPVSnw,푸린(인터넷 방송인),85,261,126,35,29,181,77,794,10.70528967,32.87153652,15.86901763,4.408060453,3.652392947,22.79596977,9.697732997
82,진호,/channel/UCXZaTqDKXHmNfKZ1ywhxe0w,진호(인터넷 방송인),20,78,46,18,6,56,22,246,8.130081301,31.70731707,18.69918699,7.317073171,2.43902439,22.76422764,8.943089431
207,이영호FlaSh,/channel/UC4TDU9SEVB0EgslnTI2O9IQ,이영호,13,54,43,8,8,38,3,167,7.784431138,32.33532934,25.74850299,4.790419162,4.790419162,22.75449102,1.796407186
393,개리유튜브,/channel/UCN8nXvaYJSqeD0wlwsVq2kQ,개리(인터넷 방송인),24,77,45,22,6,53,7,234,10.25641026,32.90598291,19.23076923,9.401709402,2.564102564,22.64957265,2.991452991
75,김성회의 G식백과,/channel/UCZ0bi2aVJngKLwFTU5g_fLQ,김성회(방송인),86,220,164,24,22,166,54,736,11.68478261,29.89130435,22.2826087,3.260869565,2.989130435,22.55434783,7.336956522
293,Mnics에투샤,/channel/UCubybnI2mstR-E24cc0rt9w,에투샤,6,23,14,4,2,16,6,71,8.450704225,32.3943662,19.71830986,5.633802817,2.816901408,22.53521127,8.450704225
93,각별,/channel/UCDrAR1OWC2MD4s0JLetN0MA,각별,36,72,65,19,7,66,28,293,12.28668942,24.57337884,22.18430034,6.484641638,2.389078498,22.52559727,9.556313993
141,장덕대 초심찾는 채널,/channel/UC75lZzaXiCn0EYTwg9MB5vg,대문 밖 장난감,25,155,80,22,16,95,29,422,5.924170616,36.72985782,18.95734597,5.213270142,3.791469194,22.51184834,6.872037915
277,루리TV,/channel/UCo2qwN2FUPnLLJjHXNusFyQ,루리(유튜버),3,17,3,6,0,9,2,40,7.5,42.5,7.5,15,0,22.5,5
352,옙가,/channel/UCcwEXGl8tRJTJ78WBPa7dUA,와나나,4,6,16,1,1,9,3,40,10,15,40,2.5,2.5,22.5,7.5
216,노돌리,/channel/UCNvGiN93jKCp39Jsq31BMmg,노돌리,16,71,28,6,4,40,13,178,8.988764045,39.88764045,15.73033708,3.370786517,2.247191011,22.47191011,7.303370787
179,쉐어TV,/channel/UCb0eyf03Jz8Q5j2q65TzCoA,쉐어TV,12,100,30,11,4,51,19,227,5.286343612,44.05286344,13.21585903,4.845814978,1.762114537,22.46696035,8.370044053
256,메탈킴,/channel/UCOaUB8RzbLXB7QZtCmMO-8A,메탈킴,70,196,223,44,40,183,59,815,8.588957055,24.04907975,27.36196319,5.398773006,4.90797546,22.45398773,7.239263804
386,삐부찡,/channel/UCWbbrLELoBRo-8KG1D9m4HQ,삐부,22,45,30,11,5,35,8,156,14.1025641,28.84615385,19.23076923,7.051282051,3.205128205,22.43589744,5.128205128
180,양아지,/channel/UCmMxEFwIOMGGoThkmtZZOvQ,양아지,29,66,36,11,6,48,18,214,13.55140187,30.8411215,16.82242991,5.140186916,2.803738318,22.42990654,8.411214953
123,팡이요,/channel/UCUR5w0E-jQTOO8Q0FZ4ilYQ,팡이요,73,289,152,35,32,181,46,808,9.034653465,35.76732673,18.81188119,4.331683168,3.96039604,22.4009901,5.693069307
338,Ace Art 에이스 아트,/channel/UCpfY3rf_vaW6UQ2hGlqGhIQ,에이스,11,87,51,22,1,57,26,255,4.31372549,34.11764706,20,8.62745098,0.392156863,22.35294118,10.19607843
261,케인 TV,/channel/UC0aKwoKNeqBaUwiEXmkQaGQ,케인(인터넷 방송인),99,187,193,45,32,176,59,791,12.51580278,23.64096081,24.39949431,5.689001264,4.04551201,22.25031606,7.458912769
266,묘송이MyosongE,/channel/UClWTMxooQefOLUV0TRcJ1Eg,묘송이,38,221,82,45,13,128,50,577,6.585788562,38.30155979,14.21143847,7.798960139,2.253032929,22.18370884,8.665511265
220,PAPADOG,/channel/UCYwV9dJhAQSFrFU9JyQ5t1g,파파독(유튜버),12,44,13,4,4,23,4,104,11.53846154,42.30769231,12.5,3.846153846,3.846153846,22.11538462,3.846153846
58,헬로[HELLO],/channel/UCsR07Y3qMhf_oKxit4xLoHg,Hello,45,338,208,50,29,200,37,907,4.961411246,37.26571114,22.93274531,5.512679162,3.197353914,22.05071665,4.07938258
280,피큐큐,/channel/UC_jNan0EvSTUNKT2dj6U31A,피큐큐,12,71,48,4,2,41,8,186,6.451612903,38.17204301,25.80645161,2.150537634,1.075268817,22.04301075,4.301075269
120,멋사유튜브,/channel/UCIhfL5TX-FODmWcX2k1uWHg,보람튜브,60,261,123,37,26,157,49,713,8.415147265,36.6058906,17.25105189,5.189340813,3.646563815,22.01963534,6.872370266
111,핑맨,/channel/UConOmISJY0oZHRhWGyvdQ2A,핑맨,88,359,118,33,16,186,47,847,10.38961039,42.38488784,13.93152302,3.896103896,1.889020071,21.95985832,5.548996458
116,투보,/channel/UCTSaxXnhUcrhv984bVpDr6Q,투보,83,282,169,39,30,189,69,861,9.639953542,32.75261324,19.62833914,4.529616725,3.484320557,21.95121951,8.013937282
73,LCK,/channel/UCw1DsweY9b2AKGjV4kGJP1A,League of Legends Champions Korea,81,196,207,28,20,161,41,734,11.03542234,26.70299728,28.20163488,3.814713896,2.72479564,21.9346049,5.585831063
46,압둘알리과로사,/channel/UC31ypOxFsuU3Q0OFpQzcQ3g,과로사(인터넷 방송인),83,315,165,34,27,196,74,894,9.284116331,35.23489933,18.45637584,3.803131991,3.020134228,21.92393736,8.277404922
236,TFO,/channel/UCk5mlvpbj8CZxD229CpiouA,TFO(유튜버),9,68,63,8,5,47,15,215,4.186046512,31.62790698,29.30232558,3.720930233,2.325581395,21.86046512,6.976744186
259,아빠킹,/channel/UChfs1dQ5phBDBWZJ1hHLbUA,아빠킹,86,231,129,26,37,154,42,705,12.19858156,32.76595745,18.29787234,3.687943262,5.24822695,21.84397163,5.957446809
42,침착맨,/channel/UCUj6rrhMTR9pipbAWBAMvUQ,침착맨,105,164,137,29,23,139,40,637,16.48351648,25.74568289,21.50706436,4.552590267,3.610675039,21.82103611,6.279434851
289,표림,/channel/UCxbxK61xeFoymuxmi4ik73g,표림,30,68,46,8,8,48,13,221,13.57466063,30.76923077,20.81447964,3.619909502,3.619909502,21.71945701,5.882352941
285,김쵸코,/channel/UC0SsBKkmlkyNx6bo0SSAEpQ,김쵸코,8,79,22,8,4,36,9,166,4.819277108,47.59036145,13.25301205,4.819277108,2.409638554,21.68674699,5.421686747
138,범석TV,/channel/UCz1Gc37nWsdF_jbJ_SvMl4g,범석TV,38,199,156,36,32,144,59,664,5.722891566,29.96987952,23.4939759,5.421686747,4.819277108,21.68674699,8.885542169
229,무지개맛 Rainbow Flavor,/channel/UCcR_wZ0zimC6UT8VO0KcS8Q,무지개맛,4,17,14,3,4,13,5,60,6.666666667,28.33333333,23.33333333,5,6.666666667,21.66666667,8.333333333
158,미라지,/channel/UC73j3rtkjb3qCvC7XZidzmw,미라지(인터넷 방송인),16,57,26,8,5,35,15,162,9.87654321,35.18518519,16.04938272,4.938271605,3.086419753,21.60493827,9.259259259
79,프레이 TV,/channel/UCSzHok6X5qXEO7cjvVnE62g,김종인(프로게이머),99,241,191,39,56,189,60,875,11.31428571,27.54285714,21.82857143,4.457142857,6.4,21.6,6.857142857
225,니얼굴윤겔라(geltube),/channel/UCMsjY8EfFZNul-_7DvWe6Aw,니얼굴윤겔라,19,80,43,4,4,45,14,209,9.090909091,38.27751196,20.57416268,1.913875598,1.913875598,21.53110048,6.698564593
389,전자오랏맨,/channel/UCkcaRxpTcisadUeCbHOYTFw,전자오랏맨,27,71,63,24,8,57,15,265,10.18867925,26.79245283,23.77358491,9.056603774,3.018867925,21.50943396,5.660377358
65,수탉,/channel/UCw-JzmPsjRcbzJLncr4pIIA,수탉TV,92,296,179,52,28,199,82,928,9.913793103,31.89655172,19.2887931,5.603448276,3.017241379,21.44396552,8.836206897
219,엔젤 유튜브,/channel/UCt5e5QXzt_Ub5azmAk4ozAw,ANGEL7777,3,16,7,3,0,9,4,42,7.142857143,38.0952381,16.66666667,7.142857143,0,21.42857143,9.523809524
399,애덕 유튜브,/channel/UCSCogaMMoxrDe43Cx_kB9cQ,애덕,9,51,25,11,1,30,13,140,6.428571429,36.42857143,17.85714286,7.857142857,0.714285714,21.42857143,9.285714286
186,떡호떡,/channel/UCqMixH4Cc7CdySihHG4kkIA,떡호떡,10,27,32,7,2,24,10,112,8.928571429,24.10714286,28.57142857,6.25,1.785714286,21.42857143,8.928571429
81,JUNE,/channel/UCL_IvtOZo6sONpiydbzzHpA,JUNE,26,51,63,9,6,47,18,220,11.81818182,23.18181818,28.63636364,4.090909091,2.727272727,21.36363636,8.181818182
115,옥냥이 RoofTopCAT,/channel/UCcdlIcleb4oIK6of1ugSJ7w,옥냥이,70,170,145,45,36,136,36,638,10.97178683,26.64576803,22.72727273,7.053291536,5.642633229,21.31661442,5.642633229
165,MadLife TV,/channel/UCj1RW5MrOLh_VrX3yHF_yow,홍민기(프로게이머),10,22,10,2,2,13,2,61,16.39344262,36.06557377,16.39344262,3.278688525,3.278688525,21.31147541,3.278688525
67,퍼런안경_BLAS,/channel/UCSQkftbg2z4kz4NNBVs6CIQ,퍼런안경,56,147,327,18,42,177,65,832,6.730769231,17.66826923,39.30288462,2.163461538,5.048076923,21.27403846,7.8125
308,땅우양,/channel/UC9vI-9WYQLXKI6n9XdXXo3g,땅우양,9,65,33,5,7,37,18,174,5.172413793,37.35632184,18.96551724,2.873563218,4.022988506,21.26436782,10.34482759
170,YT Apple,/channel/UCmcd3r7AsHjm3deMgx1ZPiw,YT Apple,11,55,41,7,7,37,16,174,6.32183908,31.6091954,23.56321839,4.022988506,4.022988506,21.26436782,9.195402299
383,삐라,/channel/UCw2zOqd6hXsny79qDki_Z4w,삐라,31,101,51,7,12,59,17,278,11.15107914,36.33093525,18.34532374,2.517985612,4.316546763,21.22302158,6.115107914
56,유키 YOUKI,/channel/UCidO_j4TWaTvUiid2WffuqA,YUKI,69,144,242,21,40,157,67,740,9.324324324,19.45945946,32.7027027,2.837837838,5.405405405,21.21621622,9.054054054
124,모아요,/channel/UCtJpqaQ0XAmX5uYZ48crOdQ,모아요,76,190,184,34,19,147,43,693,10.96681097,27.41702742,26.55122655,4.906204906,2.741702742,21.21212121,6.204906205
86,비누TV,/channel/UCbLispC1ydHSC_69kjZI6hw,비누TV,21,83,45,6,7,47,13,222,9.459459459,37.38738739,20.27027027,2.702702703,3.153153153,21.17117117,5.855855856
262,김뚜띠,/channel/UCTZPZo3xuW5k6RkhlVaJ0jQ,김뚜띠,41,249,110,29,14,126,27,596,6.879194631,41.77852349,18.45637584,4.865771812,2.348993289,21.1409396,4.530201342
396,해봄,/channel/UCL9oC0YZRwuyudZqUrgKw9w,해봄,6,60,15,5,2,26,9,123,4.87804878,48.7804878,12.19512195,4.06504065,1.62601626,21.13821138,7.317073171
279,프제짱,/channel/UChD2kf1XO2sxR4t4s_oPPMA,프제짱,9,76,58,11,4,45,10,213,4.225352113,35.68075117,27.23004695,5.164319249,1.877934272,21.12676056,4.694835681
347,금똥왁왁,/channel/UCt4wd8jZFvFjrHy6EXLrmVw,금똥왁왁,16,52,43,7,16,39,12,185,8.648648649,28.10810811,23.24324324,3.783783784,8.648648649,21.08108108,6.486486486
140,공룡,/channel/UCWf4QKgnTyvmehcRqw-JldQ,공룡,56,251,134,33,13,144,53,684,8.187134503,36.69590643,19.59064327,4.824561404,1.900584795,21.05263158,7.748538012
128,뽁구BBokTV,/channel/UCO5bdxKgKczSpjFbfsGykmA,뽁구,47,247,178,48,27,156,38,741,6.342780027,33.33333333,24.02159244,6.477732794,3.643724696,21.05263158,5.128205128
11,김재원의 즐거운 세상,/channel/UCta_NRwnsUaew0t3VNxBNyg,김재원(샌드박스 네트워크),52,159,129,21,15,112,45,533,9.756097561,29.83114447,24.20262664,3.939962477,2.814258912,21.01313321,8.442776735
206,도애니 DO animation,/channel/UCqgxGebwwkoldbl3h7UoUiQ,도현성,21,72,49,21,7,50,18,238,8.823529412,30.25210084,20.58823529,8.823529412,2.941176471,21.00840336,7.56302521
85,백크 Baekk,/channel/UCugNO83_V7xZLzCsjpABGeg,백크,16,58,28,4,2,30,5,143,11.18881119,40.55944056,19.58041958,2.797202797,1.398601399,20.97902098,3.496503497
271,김리븐,/channel/UCgySwATr_UPiGqrwfRo6_ag,김리븐,83,316,161,42,26,181,55,864,9.606481481,36.57407407,18.63425926,4.861111111,3.009259259,20.94907407,6.365740741
309,별고래_StarWhale,/channel/UCD8maIontXDHmsewDbyMXDw,별고래,15,39,51,2,3,32,11,153,9.803921569,25.49019608,33.33333333,1.307189542,1.960784314,20.91503268,7.189542484
336,꾸몽,/channel/UCH29Gz8a6veRLqUxzjBXHrQ,꾸몽,20,99,87,9,3,67,36,321,6.230529595,30.8411215,27.10280374,2.803738318,0.934579439,20.87227414,11.21495327
167,딕스Dix,/channel/UCOtcE3XmueVr78j8RCnr1QQ,딕스TV,16,55,38,9,3,34,8,163,9.81595092,33.74233129,23.31288344,5.521472393,1.840490798,20.85889571,4.90797546
364,알로직,/channel/UCd4vEfDwg_kzVI-9Eq8sPHA,알로직,13,31,14,3,10,20,5,96,13.54166667,32.29166667,14.58333333,3.125,10.41666667,20.83333333,5.208333333
60,코아 TV,/channel/UCdmPH-DTjL52x5K3lRvHYQw,코아(인터넷 방송인),79,318,147,44,10,174,64,836,9.449760766,38.03827751,17.58373206,5.263157895,1.196172249,20.81339713,7.655502392
31,테드TV,/channel/UC5pbeFWTPAUdKu65kBROsBg,테드TV,51,223,222,33,23,158,52,762,6.692913386,29.26509186,29.13385827,4.330708661,3.018372703,20.73490814,6.824146982
345,모두의마블 TV,/channel/UCc5al0BciX358Rg9YXk1LBg,모두의마블 TV,16,9,18,10,7,17,5,82,19.51219512,10.97560976,21.95121951,12.19512195,8.536585366,20.73170732,6.097560976
8,악동 김블루,/channel/UCNzcxCN_Hh_lu5RCSFXKgGQ,김블루,43,219,125,33,9,122,38,589,7.300509338,37.18166384,21.22241087,5.602716469,1.528013582,20.71307301,6.451612903
182,인피쉰,/channel/UC-okJdotaXPlzivRzHFqzuA,인피쉰,17,35,21,7,5,24,7,116,14.65517241,30.17241379,18.10344828,6.034482759,4.310344828,20.68965517,6.034482759
137,김레인,/channel/UCj9LQu5-mfrf6imcyrnZfug,김레인,86,185,134,29,22,125,24,605,14.21487603,30.5785124,22.14876033,4.79338843,3.636363636,20.66115702,3.966942149
194,나라카일,/channel/UCdMevbThDzHEbiqu0MhyfAQ,서지선,21,64,36,6,7,38,12,184,11.41304348,34.7826087,19.56521739,3.260869565,3.804347826,20.65217391,6.52173913
36,군림보,/channel/UCN5oT4zGJX-_H6pE5isAEeg,군림보,59,235,105,34,15,128,44,620,9.516129032,37.90322581,16.93548387,5.483870968,2.419354839,20.64516129,7.096774194
30,기리TV,/channel/UCEcuyrAqhRVUmRdOd6FGKSw,기리TV,26,289,170,79,26,166,50,806,3.225806452,35.8560794,21.09181141,9.801488834,3.225806452,20.5955335,6.203473945
50,눈언YT,/channel/UCt1dxdedblLX2PsSFFK0Hzw,유튜브,37,67,161,9,21,91,57,443,8.35214447,15.1241535,36.34311512,2.031602709,4.740406321,20.54176072,12.86681716
63,삼식,/channel/UCMOOio1GZ50OeJT58DGBQCA,삼식,60,342,94,45,16,155,47,759,7.90513834,45.05928854,12.38471673,5.928853755,2.108036891,20.42160738,6.192358366
341,택신TV [BISUTUBE],/channel/UCBa9U1nh3fe2lBx3a0R0Skg,김택용,22,82,59,7,9,50,16,245,8.979591837,33.46938776,24.08163265,2.857142857,3.673469388,20.40816327,6.530612245
105,휴지,/channel/UCj1dw4G9v09OLXIxiL_VUEA,휴지,28,167,112,51,15,105,38,516,5.426356589,32.36434109,21.70542636,9.88372093,2.906976744,20.34883721,7.364341085
148,이태준,/channel/UC5gp0nGTdJ56YKzI40v0cRg,이태준(1995),101,278,139,20,23,153,38,752,13.43085106,36.96808511,18.48404255,2.659574468,3.058510638,20.34574468,5.053191489
281,카이바군,/channel/UCDEOj33PPDR-Hw9RxdKfjpw,카이바군,18,80,56,15,11,49,12,241,7.468879668,33.19502075,23.23651452,6.22406639,4.564315353,20.33195021,4.979253112
45,개리형,/channel/UCRpdlPk671uOMiBtf5HtB3Q,개리형,49,233,134,18,23,128,45,630,7.777777778,36.98412698,21.26984127,2.857142857,3.650793651,20.31746032,7.142857143
16,악어 유튜브,/channel/UCQJuZxeDv2P05YHcC-tIEVQ,악어(인터넷 방송인),67,255,90,23,15,122,29,601,11.14808652,42.42928453,14.9750416,3.826955075,2.495840266,20.29950083,4.825291181
234,두칠이의게임방송,/channel/UCwDFdWg0nGlEMr4iJnKWqYw,두칠,11,49,31,11,10,30,6,148,7.432432432,33.10810811,20.94594595,7.432432432,6.756756757,20.27027027,4.054054054
44,괴물쥐 유튜브,/channel/UCDBAVzfX3yZ1hah0FHnOoaA,괴물쥐,81,210,111,23,19,122,36,602,13.4551495,34.88372093,18.43853821,3.820598007,3.156146179,20.26578073,5.980066445
176,걸뽀girlbbo,/channel/UC_VOIxjBN_WIPKxpPs1omZQ,걸뽀_,15,87,28,5,3,36,4,178,8.426966292,48.87640449,15.73033708,2.808988764,1.685393258,20.2247191,2.247191011
130,꽃핀,/channel/UC2MgNh831KCMuYkK7u8C2dg,꽃핀,88,271,171,35,20,164,64,813,10.82410824,33.33333333,21.03321033,4.30504305,2.4600246,20.17220172,7.872078721
368,구스마일,/channel/UCpVLAetJt6_XjktxxhDUY2w,구스마일,15,74,58,23,7,50,21,248,6.048387097,29.83870968,23.38709677,9.274193548,2.822580645,20.16129032,8.467741935
54,강 지,/channel/UCIVFv8AiQLqM9oLHTixrNYw,강지,59,326,118,44,21,154,43,765,7.712418301,42.61437908,15.4248366,5.751633987,2.745098039,20.13071895,5.620915033
38,울산큰고래 박성주,/channel/UCIchCOLwLBMD87quHlNuXjQ,울산큰고래,60,308,152,30,23,156,46,775,7.741935484,39.74193548,19.61290323,3.870967742,2.967741935,20.12903226,5.935483871
150,동동 TV,/channel/UCmP6N0_CMbMUYwQRaPoFyng,동동 TV,13,97,48,10,5,50,26,249,5.220883534,38.95582329,19.27710843,4.016064257,2.008032129,20.08032129,10.44176707
398,지존조세,/channel/UCQOL6_MBCFXr3M9OTmwl9pg,지존조세,39,63,82,13,13,59,25,294,13.26530612,21.42857143,27.89115646,4.421768707,4.421768707,20.06802721,8.503401361
369,중년게이머 김실장,/channel/UCSgvQDek_7CQj08fu7kp1Iw,중년게이머 김실장,15,47,32,9,0,28,9,140,10.71428571,33.57142857,22.85714286,6.428571429,0,20,6.428571429
196,콩콩이다,/channel/UCzjEp3u8RMkOJwpc3RzxmWg,콩콩,10,43,33,8,6,28,12,140,7.142857143,30.71428571,23.57142857,5.714285714,4.285714286,20,8.571428571
298,흉폭한 포로 Violent Poro,/channel/UC9aEa6zVK12OZaWyTIPX9jw,포로,15,55,48,2,9,36,15,180,8.333333333,30.55555556,26.66666667,1.111111111,5,20,8.333333333
346,조우,/channel/UCpXnb06Y0uc6ewEf3WL4wDQ,조우(유튜버),23,65,47,10,5,44,26,220,10.45454545,29.54545455,21.36363636,4.545454545,2.272727273,20,11.81818182
274,SANDBOX NETWORK (샌드박스 네트워크),/channel/UCCjR2EbSnsVKRVeTvPjVWIA,샌드박스 네트워크,57,87,76,26,25,76,33,380,15,22.89473684,20,6.842105263,6.578947368,20,8.684210526
119,차도르,/channel/UCtj_00nn_viF6wJNeqgpEiA,차도르(유튜버),57,69,102,17,13,75,42,375,15.2,18.4,27.2,4.533333333,3.466666667,20,11.2
100,이석현,/channel/UCVZI7eLie2UlZph6aiBRNrw,이석현,61,252,128,52,20,138,40,691,8.827785818,36.46888567,18.52387844,7.525325615,2.894356006,19.97105644,5.788712012
20,우왁굳의 게임방송,/channel/UCBkyj16n2snkRg1BAzpovXQ,우왁굳,52,235,94,31,11,115,40,578,8.996539792,40.65743945,16.26297578,5.363321799,1.903114187,19.89619377,6.920415225
320,천양,/channel/UCXOLqHsi_mxJdTIqU7B6OmQ,천양,18,65,37,1,9,33,3,166,10.84337349,39.15662651,22.28915663,0.602409639,5.421686747,19.87951807,1.807228916
224,오요,/channel/UCXhTIte6TjoItbiUVUnMIlA,오요,12,41,42,12,4,31,14,156,7.692307692,26.28205128,26.92307692,7.692307692,2.564102564,19.87179487,8.974358974
143,프로관전러 P.S,/channel/UCqI5lyTpC79pOy2D-VXAMdA,프로관전러 P.S,72,115,165,28,26,116,65,587,12.26575809,19.5911414,28.10902896,4.770017036,4.429301533,19.76149915,11.07325383
326,서든어택,/channel/UCMJhnmKJ6xwRIFL1ZFb9QrA,서든어택,21,50,26,8,5,28,4,142,14.78873239,35.21126761,18.30985915,5.633802817,3.521126761,19.71830986,2.816901408
299,모드로나티 Modronati,/channel/UC9-B--tzbvBUMVkGVyCTaIQ,모드로나티,15,30,40,3,7,28,19,142,10.56338028,21.12676056,28.16901408,2.112676056,4.929577465,19.71830986,13.38028169
214,보물창고,/channel/UCRwMczVQ8Jr8_8Dd8o7hPnQ,보물창고,23,64,45,5,11,40,15,203,11.33004926,31.5270936,22.16748768,2.463054187,5.418719212,19.7044335,7.389162562
340,실프,/channel/UCWOPxkftlmCstC5drb9VM_A,실프(인터넷 방송인),33,92,56,7,1,50,15,254,12.99212598,36.22047244,22.04724409,2.755905512,0.393700787,19.68503937,5.905511811
391,이춘향,/channel/UCH-5Xjx6MuEySkb-lAdIEeg,이춘향(인터넷 방송인),17,116,25,9,3,44,10,224,7.589285714,51.78571429,11.16071429,4.017857143,1.339285714,19.64285714,4.464285714
319,Tenha,/channel/UCOXPm9nqKtb2pIpO0UybBHA,나무위키:대문,3,2,20,0,2,8,6,41,7.317073171,4.87804878,48.7804878,0,4.87804878,19.51219512,14.63414634
237,윤루트,/channel/UCmJ4DkPFPzjR2TkJ7lXSQWw,윤루트,20,52,39,20,5,37,17,190,10.52631579,27.36842105,20.52631579,10.52631579,2.631578947,19.47368421,8.947368421
272,카운터,/channel/UCN5Z4EkujWOl7UMbc4J-3Cw,카운터(인터넷 방송인),74,278,229,67,25,184,92,949,7.79768177,29.29399368,24.13066386,7.060063224,2.634351949,19.38883035,9.694415174
69,형독방송,/channel/UCJDEss5wA1ddrCBC40giO8A,형독,71,301,171,75,24,170,65,877,8.095781072,34.32155074,19.49828962,8.551881414,2.736602052,19.38426454,7.411630559
84,글자네 YouTube,/channel/UCb5NLtXAsTBrmaZVhyFa-Wg,세글자,29,57,37,5,8,36,14,186,15.59139785,30.64516129,19.89247312,2.688172043,4.301075269,19.35483871,7.52688172
310,소니쇼게임방송,/channel/UC141BuVRzSSXJX33Am9yxEA,소니쇼,30,104,30,12,5,47,15,243,12.34567901,42.79835391,12.34567901,4.938271605,2.057613169,19.34156379,6.172839506
177,흑운장TV [BLACKTUBE],/channel/UCdtV_sB8WUWo-P_q3OwNfcw,이성은,41,112,70,12,15,64,18,332,12.34939759,33.73493976,21.08433735,3.614457831,4.518072289,19.27710843,5.421686747
354,Wolf,/channel/UCYJ0Ucu9jPX5kn6SeDcNaIQ,이재완,27,47,45,12,7,36,13,187,14.43850267,25.13368984,24.06417112,6.417112299,3.743315508,19.2513369,6.951871658
101,마플 마인크래프트 채널,/channel/UC1q4Ihlv_YhLELw-ijE0Diw,마인애플,62,182,179,38,11,138,107,717,8.647140865,25.38354254,24.9651325,5.29986053,1.534170153,19.24686192,14.92329149
7,LsCraft,/channel/UC4Qw1uE9kwUI4cCAx9HZtxw,팬 케이,50,28,241,1,30,97,57,504,9.920634921,5.555555556,47.81746032,0.198412698,5.952380952,19.24603175,11.30952381
21,릴카,/channel/UC48NSSfUBsmL0k0wKxSqRkw,릴카,55,196,105,28,12,101,29,526,10.45627376,37.26235741,19.96197719,5.323193916,2.281368821,19.20152091,5.513307985
160,발__젭,/channel/UCQ9eDVhFn_jq7eTpjf21ouA,발__젭,16,86,59,6,5,46,22,240,6.666666667,35.83333333,24.58333333,2.5,2.083333333,19.16666667,9.166666667
35,마재TV,/channel/UC7uKMg7lPdCp4Nm1tLesihQ,액시스마이콜,69,206,217,38,29,148,67,774,8.914728682,26.61498708,28.03617571,4.909560724,3.746770026,19.12144703,8.656330749
114,김계정,/channel/UCM9m5BHwm-lU7tK07co3ClA,김계정,62,278,147,33,24,143,61,748,8.288770053,37.1657754,19.65240642,4.411764706,3.20855615,19.11764706,8.155080214
127,찬이TV,/channel/UCt51IEo3ZxxOysVAG_ylR6w,찬이,27,221,73,44,15,97,31,508,5.31496063,43.50393701,14.37007874,8.661417323,2.952755906,19.09448819,6.102362205
325,Jin Studio 진 스튜디오,/channel/UCDk0AHutsIFLsQYhMvmkdrQ,진,15,53,71,5,9,42,25,220,6.818181818,24.09090909,32.27272727,2.272727273,4.090909091,19.09090909,11.36363636
9,대도서관TV (buzzbean11),/channel/UCSHVH_AWVUc-C8-D8mh8W6A,대도서관(방송인),15,160,72,41,6,76,29,399,3.759398496,40.10025063,18.04511278,10.27568922,1.503759398,19.04761905,7.268170426
294,이녕,/channel/UCLoGhS_8p-G_pzrkfgMi9NA,이녕,22,77,51,7,2,42,21,222,9.90990991,34.68468468,22.97297297,3.153153153,0.900900901,18.91891892,9.459459459
265,지컨,/channel/UC0z8bddfRBRBmEC-AjI6UXw,지컨,57,307,71,48,14,125,39,661,8.623298033,46.44478064,10.74130106,7.26172466,2.118003026,18.9107413,5.900151286
323,메이비TV,/channel/UCPITXstDqqLYbBUiAVqYjfg,메이비(인터넷 방송인),0,32,6,3,0,10,2,53,0,60.37735849,11.32075472,5.660377358,0,18.86792453,3.773584906
122,개구릿대,/channel/UCR0aLp4aIvxS07g6rGWZr_g,개구릿대(유튜버),68,299,113,59,19,141,53,752,9.042553191,39.7606383,15.02659574,7.845744681,2.526595745,18.75,7.04787234
343,고누리,/channel/UCs0P4GrXEumyYn-d8ASrGlA,고누리,26,45,29,10,7,30,13,160,16.25,28.125,18.125,6.25,4.375,18.75,8.125
80,똘킹,/channel/UCnQRkIhRmXrxGrK4-8n-lVw,똘킹,32,99,49,5,7,49,21,262,12.21374046,37.78625954,18.70229008,1.908396947,2.671755725,18.70229008,8.015267176
337,듀단 [듀튜브],/channel/UCPd2VrGLDguFs9AckozHtrA,듀단,10,58,19,0,3,23,10,123,8.130081301,47.15447154,15.44715447,0,2.43902439,18.69918699,8.130081301
246,피아노캣 [PianoCat],/channel/UCDyc0_OWYXI1WcaMjijHrDA,피아노캣,16,65,40,8,1,34,18,182,8.791208791,35.71428571,21.97802198,4.395604396,0.549450549,18.68131868,9.89010989
204,지덥,/channel/UCQBl5ytG10Y_tnWe__8kUJw,지덥,10,62,22,13,5,27,6,145,6.896551724,42.75862069,15.17241379,8.965517241,3.448275862,18.62068966,4.137931034
269,각폭 YouTube,/channel/UCutaHUD-Oos2EBNNEwd4QQg,각폭(유튜버),82,363,191,48,24,171,41,920,8.913043478,39.45652174,20.76086957,5.217391304,2.608695652,18.58695652,4.456521739
23,만두민 ManDooMiN,/channel/UC3DYSay178fMMPaf3zHwECA,만두민,41,136,139,9,22,85,26,458,8.951965066,29.69432314,30.34934498,1.965065502,4.80349345,18.55895197,5.676855895
209,YouTube지누,/channel/UCJGww2K__Q3y-MtDi0XWH2w,지누(인터넷 방송인),8,52,21,8,3,23,9,124,6.451612903,41.93548387,16.93548387,6.451612903,2.419354839,18.5483871,7.258064516
371,화틱,/channel/UC2b9TmgJ-jZt8ZAKF4DwIWg,화틱,22,28,28,7,4,23,12,124,17.74193548,22.58064516,22.58064516,5.64516129,3.225806452,18.5483871,9.677419355
380,_헤징,/channel/UCj38fEefpih2o1aHH886Z1g,헤징,24,102,47,19,3,50,25,270,8.888888889,37.77777778,17.40740741,7.037037037,1.111111111,18.51851852,9.259259259
273,LOUD CAST,/channel/UCAI86CUHDIkKXGA6YpVBhYg,Loud G,45,239,125,26,10,108,34,587,7.666098807,40.71550256,21.29471891,4.429301533,1.703577513,18.39863714,5.792163543
71,Official Dopa,/channel/UCt15X5eHLwyP8PpNtQTkuDQ,도파(인터넷 방송인),108,186,217,29,27,139,50,756,14.28571429,24.6031746,28.7037037,3.835978836,3.571428571,18.38624339,6.613756614
61,로이조 TV,/channel/UCLJs55bZWMsCBPekt3vssoQ,로이조,24,220,42,8,20,71,2,387,6.201550388,56.84754522,10.85271318,2.067183463,5.167958656,18.34625323,0.516795866
129,야옹해 바바 Miaow baba,/channel/UClSuqiIAACDUJrH3gb4JcLQ,야옹해 바바,57,329,141,16,32,143,62,780,7.307692308,42.17948718,18.07692308,2.051282051,4.102564103,18.33333333,7.948717949
195,MariAndGames,/channel/UCFt6SlUqvKDCwva8nzTBXUQ,,5,21,10,9,1,11,3,60,8.333333333,35,16.66666667,15,1.666666667,18.33333333,5
117,늪지대에서 생긴 일,/channel/UC2uID-rcbLMi3RxZmZtwSZg,악어(인터넷 방송인),59,226,135,75,19,125,44,683,8.638360176,33.08931186,19.76573939,10.98096633,2.781844802,18.30161054,6.442166911
88,빅헤드,/channel/UCAJ-meoCh1TrPZ7La3UpPrw,빅헤드,20,117,56,12,6,51,17,279,7.168458781,41.93548387,20.07168459,4.301075269,2.150537634,18.27956989,6.093189964
99,견자희 스튜디오,/channel/UCBvkQFBskQR9NeOoDYR8ckA,견자희,12,60,44,13,2,33,17,181,6.629834254,33.14917127,24.30939227,7.182320442,1.104972376,18.2320442,9.392265193
306,오린이,/channel/UCeVVzlUnjNMFy_DVTZqZ5ZA,오린이,19,102,35,9,4,41,15,225,8.444444444,45.33333333,15.55555556,4,1.777777778,18.22222222,6.666666667
62,유소나,/channel/UCxeWKVovE_mKNRCwAlpL87A,유소나,80,381,187,39,12,166,47,912,8.771929825,41.77631579,20.50438596,4.276315789,1.315789474,18.20175439,5.153508772
118,League of Legends - Korea,/channel/UCooLkG0FfrkPBQsSuC95L6w,리그 오브 레전드,139,268,210,63,43,175,64,962,14.44906445,27.85862786,21.82952183,6.548856549,4.46985447,18.19126819,6.652806653
221,지라라,/channel/UCdRDEMsLzDgoXY0AdQ1yN8g,지라라,14,81,20,6,5,30,9,165,8.484848485,49.09090909,12.12121212,3.636363636,3.03030303,18.18181818,5.454545455
13,Edu car toy school,/channel/UC3dt8G_iIiZXijtaaLgo1HA,Car Driving School Simulator,1,0,6,0,2,2,0,11,9.090909091,0,54.54545455,0,18.18181818,18.18181818,0
70,서넹,/channel/UCylzl5EMsHKCMeUe2TLKLKA,서넹,31,333,87,37,10,116,25,639,4.851330203,52.11267606,13.61502347,5.79029734,1.564945227,18.15336463,3.912363067
363,이서니,/channel/UCcL8PoeJCC6DwAcKyzw_eQg,이서니,19,52,32,10,7,28,7,155,12.25806452,33.5483871,20.64516129,6.451612903,4.516129032,18.06451613,4.516129032
25,겜브링 GGAM BRING,/channel/UCSOeJWyByeoBHpmrm0NnlLw,겜브링,40,212,97,38,14,97,39,537,7.448789572,39.47858473,18.06331471,7.076350093,2.60707635,18.06331471,7.262569832
89,자몽티비,/channel/UCHsNxA14lzqnrm0mW7GQIXA,자몽티비,14,59,25,3,3,24,5,133,10.52631579,44.36090226,18.79699248,2.255639098,2.255639098,18.04511278,3.759398496
113,오버워치,/channel/UC-2wa6jvprl7hfCpvw0ULzg,오버워치,77,315,157,48,22,146,48,813,9.471094711,38.74538745,19.31119311,5.904059041,2.70602706,17.95817958,5.904059041
260,김짱돌,/channel/UCsi8xzlmARKDK_ItRW8imyg,김짱돌,112,301,151,79,29,157,49,878,12.75626424,34.28246014,17.19817768,8.997722096,3.302961276,17.88154897,5.580865604
267,사모장,/channel/UC4XjKgCtpwpACzUCiUKOd3Q,사모장,84,242,196,24,46,142,61,795,10.56603774,30.44025157,24.65408805,3.018867925,5.786163522,17.86163522,7.672955975
252,짬타수아,/channel/UCNoSlvimHmdOgtHOCNjj7ew,짬타수아,21,54,46,3,6,30,8,168,12.5,32.14285714,27.38095238,1.785714286,3.571428571,17.85714286,4.761904762
47,돼지저금통,/channel/UCEVnzHZkNMG-XFUGomZ24cg,돼지저금통(유튜버),55,284,216,53,32,153,66,859,6.402793946,33.06169965,25.14551804,6.169965076,3.725261932,17.81140861,7.683352736
178,옴므,/channel/UCSWMuYooxYPorJSumJbLzCQ,옴므,4,33,11,7,2,13,3,73,5.479452055,45.20547945,15.06849315,9.589041096,2.739726027,17.80821918,4.109589041
351,무릎의 철권TV TekkenKnee,/channel/UC0Zl_lyMoTbroBSNv7SpGuQ,배재민,11,91,61,6,1,39,10,219,5.02283105,41.55251142,27.85388128,2.739726027,0.456621005,17.80821918,4.566210046
208,쫀득TV,/channel/UCmCNgLHdknmCdQelpwxQvvg,쫀득(인터넷 방송인),24,86,49,11,8,42,16,236,10.16949153,36.44067797,20.76271186,4.661016949,3.389830508,17.79661017,6.779661017
18,우주하마,/channel/UC2NFRq9s2neD_Ml0tPhNC2Q,우주하마,44,186,81,15,11,82,42,461,9.544468547,40.34707158,17.57049892,3.253796095,2.386117137,17.78741866,9.110629067
2,Lime Tube[라임튜브],/channel/UCxutPqfWSdYqaK8_tlc5PBA,라임튜브,9,106,53,14,5,45,21,253,3.557312253,41.8972332,20.9486166,5.533596838,1.976284585,17.78656126,8.300395257
59,저라뎃 JUSTLIKETHAT,/channel/UC1dG3vI9FfHnH3YgyeKUz_A,저라뎃,94,225,198,45,47,143,52,804,11.69154229,27.98507463,24.62686567,5.597014925,5.845771144,17.78606965,6.467661692
77,밍모,/channel/UCgjaQlejpAnIu0q-xtVfTEw,밍모,41,339,164,57,13,144,53,811,5.055487053,41.80024661,20.22194821,7.028360049,1.602959309,17.75585697,6.5351418
108,재민TV,/channel/UCfnMSbA2Bfi4cnuuN2pa0HA,재민TV,80,349,121,48,24,143,42,807,9.913258984,43.24659232,14.99380421,5.94795539,2.973977695,17.71995043,5.204460967
334,피닉스박,/channel/UCZ6IM7_T-bCmr_7DgAKjYxg,피닉스박,40,73,68,15,14,48,13,271,14.7601476,26.93726937,25.09225092,5.535055351,5.166051661,17.71217712,4.79704797
64,TV대정령,/channel/UCHsK9gl5aU0F3umrU4Zn_sA,PD대정령,10,36,29,2,2,18,5,102,9.803921569,35.29411765,28.43137255,1.960784314,1.960784314,17.64705882,4.901960784
382,꼬예유 & 한예찬의 게임저장소,/channel/UCJoWNCiFuiN4eZnB80WUf4Q,한예찬,10,122,93,13,16,60,27,341,2.93255132,35.7771261,27.27272727,3.812316716,4.692082111,17.59530792,7.917888563
172,주둥이방송,/channel/UC9ta639M37zzWKwo7kKc80A,주둥이방송,47,61,32,13,16,39,15,223,21.07623318,27.35426009,14.34977578,5.829596413,7.174887892,17.48878924,6.726457399
335,따효니DDaHyoNi,/channel/UCFM_07Mxv6CglREk8qdkPaw,백상현,36,89,45,10,11,44,17,252,14.28571429,35.31746032,17.85714286,3.968253968,4.365079365,17.46031746,6.746031746
353,닥터준 YouTube,/channel/UCOY3LbxXxCd8SykBvcVJlzg,닥터준,16,51,46,17,7,30,5,172,9.302325581,29.65116279,26.74418605,9.88372093,4.069767442,17.44186047,2.906976744
27,혜안,/channel/UC8CIM3d3zDYMk-3T5aAz0yw,혜안(인터넷 방송인),83,253,84,39,20,109,37,625,13.28,40.48,13.44,6.24,3.2,17.44,5.92
268,요롬Yorom,/channel/UCqx0Xywhh72631omzTWNixA,요롬,31,336,155,64,59,145,42,832,3.725961538,40.38461538,18.62980769,7.692307692,7.091346154,17.42788462,5.048076923
333,호진,/channel/UCZZEgBpbLP0ILVc4nGg39-w,이호진(e스포츠),21,87,50,8,6,38,9,219,9.589041096,39.7260274,22.83105023,3.652968037,2.739726027,17.35159817,4.109589041
97,롤큐 LOLQ,/channel/UCa-IaOPw5r1oQ4vuf3QjEPA,롤큐,13,53,49,11,8,30,9,173,7.514450867,30.63583815,28.32369942,6.358381503,4.624277457,17.34104046,5.202312139
315,소풍왔니,/channel/UC5qsXOIsLbkEIP4DI7xWOlg,나무위키:투명성 보고서/요청/소풍왔니,33,132,59,23,6,57,20,330,10,40,17.87878788,6.96969697,1.818181818,17.27272727,6.060606061
134,초깨비의노래워치,/channel/UCZnrdNaOFqniv7qEEqQFvIg,초깨비,30,346,131,52,21,130,44,754,3.978779841,45.88859416,17.37400531,6.896551724,2.785145889,17.24137931,5.835543767
385,KD키드,/channel/UC98Dw7oYrXnoXCfhxgffzRA,KD키드,11,77,56,20,10,39,14,227,4.845814978,33.92070485,24.66960352,8.810572687,4.405286344,17.18061674,6.167400881
34,램램TV,/channel/UCHdsNK3SJi7tI85f4XPy7zA,램램,30,220,137,26,18,99,47,577,5.199306759,38.12824957,23.74350087,4.506065858,3.119584055,17.15771231,8.145580589
263,스간TV,/channel/UCK1B7KLih3kE1Iy0SCBDzkQ,스간,71,292,161,101,33,148,59,865,8.208092486,33.75722543,18.61271676,11.67630058,3.815028902,17.10982659,6.820809249
311,박나나,/channel/UCS3_H_feQRm4QbXipKTvSrw,박나나,33,107,61,15,7,52,29,304,10.85526316,35.19736842,20.06578947,4.934210526,2.302631579,17.10526316,9.539473684
24,킴성태TV,/channel/UCAaLhok91QDrweyuDRsmjqQ,킴성태,60,158,60,12,14,65,13,382,15.70680628,41.36125654,15.70680628,3.141361257,3.664921466,17.01570681,3.403141361
188,채널 명예훈장,/channel/UCs0LzOveQMLImmmTrMmP2sg,명예훈장(인터넷 방송인),7,33,29,4,7,17,3,100,7,33,29,4,7,17,3
342,잡초,/channel/UCSWLx_GQlGADYipEyXF2Mxg,잡초,22,99,47,18,6,43,18,253,8.695652174,39.13043478,18.5770751,7.114624506,2.371541502,16.99604743,7.114624506
76,꿀탱탱,/channel/UCAJAJ9bAvfjFLRrsqeumJIA,꿀탱탱,109,284,154,27,43,138,59,814,13.39066339,34.88943489,18.91891892,3.316953317,5.282555283,16.95331695,7.248157248
181,비콘 TV,/channel/UCT_Sf9z6Cqy11VHOfbnQPNQ,비콘(유튜버),6,42,16,1,3,14,1,83,7.228915663,50.60240964,19.27710843,1.204819277,3.614457831,16.86746988,1.204819277
55,탁주 TV,/channel/UC7nVGqibbYgrzh733LDffNQ,탁주(인터넷 방송인),38,391,184,52,13,148,53,879,4.323094425,44.48236633,20.93287827,5.915813424,1.478953356,16.83731513,6.029579067
377,게렌의 게임극장,/channel/UCUEX0L7GHPs95m8S7G6kWVA,게렌(인터넷 방송인),11,81,35,19,5,33,12,196,5.612244898,41.32653061,17.85714286,9.693877551,2.551020408,16.83673469,6.12244898
155,서새봄,/channel/UCYtNOIg99pgGcrE4Uo44OdQ,서새봄,26,66,25,12,6,31,19,185,14.05405405,35.67567568,13.51351351,6.486486486,3.243243243,16.75675676,10.27027027
107,풍월량,/channel/UCyHvSKT_bLDYpkv1JjjsLAg,풍월량,40,309,108,15,14,104,33,623,6.420545746,49.59871589,17.33547352,2.407704655,2.247191011,16.69341894,5.296950241
110,임선비,/channel/UCC4QcwDnXG5poPg__kD4YmQ,임선비,52,411,131,14,14,136,57,815,6.380368098,50.42944785,16.07361963,1.717791411,1.717791411,16.68711656,6.993865031
215,메이플 이득충,/channel/UCnHpxlp418JpbxtVEfPRK4Q,메이플 이득충,9,18,15,4,1,10,3,60,15,30,25,6.666666667,1.666666667,16.66666667,5
168,바이준 BYJUN,/channel/UC3htcPlye6noa3pAgegT2AQ,김하늘,22,54,61,19,13,37,16,222,9.90990991,24.32432432,27.47747748,8.558558559,5.855855856,16.66666667,7.207207207
361,체험판의컴퓨터채널Trialversion,/channel/UCeSnJtdf_dgvFqtK1PpxygA,체험판의 컴퓨터 채널,12,11,28,8,4,14,7,84,14.28571429,13.0952381,33.33333333,9.523809524,4.761904762,16.66666667,8.333333333
283,Mobirix,/channel/UChs3xgH4BWAsTi-SGjECiZA,모비릭스,0,0,3,1,1,1,0,6,0,0,50,16.66666667,16.66666667,16.66666667,0
205,랄로,/channel/UCD2YO_A_PVMgMDN9jpRrpVA,랄로,27,48,45,20,10,33,17,200,13.5,24,22.5,10,5,16.5,8.5
5,감스트GAMST,/channel/UCbFzvzDu17eDZ3RIeaLRswQ,감스트,90,350,132,44,23,139,65,843,10.67615658,41.51838671,15.65836299,5.21945433,2.728351127,16.48873072,7.710557533
139,HeopopGames 허팝게임,/channel/UCobtktl5cCEYuAKLSY0vc2w,허팝,29,259,178,56,24,118,53,717,4.044630404,36.12273361,24.82566248,7.810320781,3.347280335,16.45746165,7.391910739
91,쵸쵸우,/channel/UCzoP3s16B9hP7f_qIc6DReQ,쵸쵸우,7,98,20,29,1,33,13,201,3.482587065,48.75621891,9.950248756,14.4278607,0.497512438,16.41791045,6.467661692
159,빅민 GAME,/channel/UC2WbWQ3tQNeCRyXBsAeqWhw,빅민,20,38,29,7,2,20,6,122,16.39344262,31.14754098,23.7704918,5.737704918,1.639344262,16.39344262,4.918032787
317,더빙걸,/channel/UC6t1NCFKCiBUuIbM3ujRRPQ,더빙걸,8,73,25,13,8,27,11,165,4.848484848,44.24242424,15.15151515,7.878787879,4.848484848,16.36363636,6.666666667
14,태경 TV,/channel/UCEPuItFWOOJ2o5hTu65NlEg,태경,22,298,70,45,5,91,28,559,3.935599284,53.30948122,12.52236136,8.050089445,0.894454383,16.27906977,5.008944544
103,이설 Leeseol,/channel/UCHqvLC2ilL2M4_SpoFiWtuQ,이설(인터넷 방송인),41,292,88,48,15,101,36,621,6.602254428,47.02093398,14.17069243,7.729468599,2.415458937,16.26409018,5.797101449
367,PAKA,/channel/UCJpAwvQaZyCI5spAz7tipGA,PAKA,34,118,69,24,4,52,20,321,10.59190031,36.76012461,21.4953271,7.476635514,1.246105919,16.19937695,6.230529595
203,집마 홀릭,/channel/UCmZeuRfHYowZhf6odtoaNdg,집마 홀릭,18,61,53,15,2,32,17,198,9.090909091,30.80808081,26.76767677,7.575757576,1.01010101,16.16161616,8.585858586
112,희바HEEBA,/channel/UCrLxiPkgUEEnItqryMFVG2g,희바,30,315,156,89,16,127,54,787,3.811944091,40.02541296,19.82210928,11.30876747,2.033036849,16.13722999,6.861499365
163,플레르TV,/channel/UCwiCv-ym6TQhMWhN23jVQkA,플레르,6,51,5,9,2,15,5,93,6.451612903,54.83870968,5.376344086,9.677419355,2.150537634,16.12903226,5.376344086
331,튜나,/channel/UCyi9eZCavFN5P6GQVokRiQg,튜나,36,32,38,22,10,29,13,180,20,17.77777778,21.11111111,12.22222222,5.555555556,16.11111111,7.222222222
373,디스 이즈 샤이,/channel/UCBo3r_IAd1EiFGe1x7GgTLw,박상면(프로게이머),22,115,62,15,1,45,20,280,7.857142857,41.07142857,22.14285714,5.357142857,0.357142857,16.07142857,7.142857143
397,나무늘보,/channel/UCXAXCxTCCYYKsLJNzEvjqfw,나무늘보,23,39,39,11,5,26,19,162,14.19753086,24.07407407,24.07407407,6.790123457,3.086419753,16.04938272,11.72839506
318,나는상윤,/channel/UCozuuEEitjQXtCzubNO0BGA,권상윤,25,84,56,10,8,38,17,238,10.50420168,35.29411765,23.52941176,4.201680672,3.361344538,15.96638655,7.142857143
156,Loud G,/channel/UCYP2aGg8h_9JHqNQBHNKp7w,Loud G,40,61,64,16,9,41,26,257,15.56420233,23.73540856,24.90272374,6.225680934,3.501945525,15.95330739,10.11673152
257,겜스트GAMEST,/channel/UChtdyqmH0yVFWTBJERP2PKg,감스트,56,342,177,44,28,129,41,817,6.854345165,41.86046512,21.66462668,5.385556916,3.427172583,15.78947368,5.018359853
154,성시훈 유튜브,/channel/UCQgu0whGhuJ2Hr8u6htgxxw,성시훈,25,90,62,15,2,39,15,248,10.08064516,36.29032258,25,6.048387097,0.806451613,15.72580645,6.048387097
126,앰비션 유튜브 [AMTUBE],/channel/UCHYMpkGhNIr8A0m2H3lIjUA,강찬용/인터넷 방송,78,262,177,39,18,115,43,732,10.6557377,35.79234973,24.18032787,5.327868852,2.459016393,15.71038251,5.87431694
359,전쓰트의 게임 채널 Junsst,/channel/UCD8r5Jgns2V64-NcUmXclpg,전쓰트,22,61,45,11,17,32,16,204,10.78431373,29.90196078,22.05882353,5.392156863,8.333333333,15.68627451,7.843137255
284,사과몽,/channel/UCjaoaH1tIwV6uLZHEmlQNdw,사과몽,23,129,30,18,8,42,20,270,8.518518519,47.77777778,11.11111111,6.666666667,2.962962963,15.55555556,7.407407407
251,더빙레이디,/channel/UCVPTh22MstSVobuvF7zQ3Sw,더빙레이디,18,50,28,10,0,21,8,135,13.33333333,37.03703704,20.74074074,7.407407407,0,15.55555556,5.925925926
164,랩해도돼?RAPTUBE,/channel/UC13r2XVC5h3unwWgo25puAw,랩해도돼?,13,63,23,25,2,25,10,161,8.074534161,39.13043478,14.28571429,15.52795031,1.242236025,15.52795031,6.211180124
6,잠뜰 TV,/channel/UCg7rkxrTnIhiHEpXY1ec9NA,잠뜰,53,394,128,48,13,130,74,840,6.30952381,46.9047619,15.23809524,5.714285714,1.547619048,15.47619048,8.80952381
125,San E,/channel/UCrhgVHA_uAiT9BoGV9qRKvg,San E,36,316,101,53,15,102,37,660,5.454545455,47.87878788,15.3030303,8.03030303,2.272727273,15.45454545,5.606060606
0,박닝겐,/channel/UCtG4WVb1P38zdKG8HXP4scQ,박닝겐,22,43,134,6,4,40,12,261,8.429118774,16.47509579,51.34099617,2.298850575,1.53256705,15.3256705,4.597701149
96,방앗간 비둘기,/channel/UC1MO5uem_t8lRgvIBF9u83w,방앗간 비둘기,33,64,66,13,9,37,20,242,13.63636364,26.44628099,27.27272727,5.371900826,3.719008264,15.2892562,8.26446281
133,[꿀템TV] 클템 유튜브,/channel/UCvrxJgD0T_TFvgsO2nA-fDQ,이현우(게임 해설가)/인터넷 방송,90,266,136,48,46,116,57,759,11.85770751,35.04611331,17.91831357,6.324110672,6.060606061,15.28326746,7.509881423
349,TV용느님,/channel/UCbHN1sTuPySKpnqKSp0JHRQ,용느,36,88,39,13,8,34,7,225,16,39.11111111,17.33333333,5.777777778,3.555555556,15.11111111,3.111111111
4,도티 TV,/channel/UChQ-VMvdGrYZxviQVMTJOHg,도티,34,470,84,58,9,123,36,814,4.176904177,57.73955774,10.31941032,7.125307125,1.105651106,15.11056511,4.422604423
184,홍방장,/channel/UCHxrU6bjWrnBfmReUAeztcw,홍방장,0,13,3,0,1,3,0,20,0,65,15,0,5,15,0
198,유혜디,/channel/UCMBbYvXl8iHmtdtlkXt0yYA,유혜디,2,48,11,3,1,12,3,80,2.5,60,13.75,3.75,1.25,15,3.75
212,팍플레이Pacplay,/channel/UCZecnuVvQnBCoopyobFdDZg,팍플레이,8,37,27,2,3,15,8,100,8,37,27,2,3,15,8
381,넷마블 TV,/channel/UCpYaDypxUY_bB6s23sfpuMg,넷마블 TV,4,6,6,0,0,3,1,20,20,30,30,0,0,15,5
392,369랑께,/channel/UCVjAW_GXsPAbXKKEJYPBs0g,369랑께,29,36,81,5,4,28,5,188,15.42553191,19.14893617,43.08510638,2.659574468,2.127659574,14.89361702,2.659574468
29,쁘허,/channel/UCtCnnCUn9IDDQRU9_04JD3g,쁘띠허브,32,408,61,62,16,109,45,733,4.365620737,55.66166439,8.321964529,8.458390177,2.182810368,14.87039563,6.139154161
149,YOU TUBE공갈,/channel/UCJ7PxHj3J_YeH1N2spjR6NQ,공갈(유튜버),83,259,156,55,44,115,62,774,10.72351421,33.4625323,20.15503876,7.105943152,5.684754522,14.85788114,8.010335917
26,유정호tv,/channel/UCWCKqaOsUJ0OzjC01ATQmPA,유정호,64,181,102,37,20,77,39,520,12.30769231,34.80769231,19.61538462,7.115384615,3.846153846,14.80769231,7.5
87,주키니TV,/channel/UCZ-UuK86Bk5sGzQQ2cEglJQ,주키니,31,94,42,8,2,33,13,223,13.90134529,42.15246637,18.83408072,3.587443946,0.896860987,14.79820628,5.829596413
233,수찬 Suchan,/channel/UCLm0fAzu27N2aSd3lHsy2zQ,전수찬,13,72,17,6,9,21,4,142,9.154929577,50.70422535,11.97183099,4.225352113,6.338028169,14.78873239,2.816901408
201,하승진,/channel/UCINRJxfiq8pXfQm1EucWFfw,하승진,53,375,104,39,19,109,45,744,7.123655914,50.40322581,13.97849462,5.241935484,2.553763441,14.65053763,6.048387097
297,이아린 Ahrin,/channel/UCqIYXDSU6mC_Na4b39lOIZw,이아린,8,87,28,9,4,24,4,164,4.87804878,53.04878049,17.07317073,5.487804878,2.43902439,14.63414634,2.43902439
40,잉여맨 유튜브,/channel/UCeG0ONJtjwE20ThR5iSYdsA,잉여맨,29,354,100,52,12,100,40,687,4.22125182,51.52838428,14.55604076,7.569141194,1.746724891,14.55604076,5.822416303
244,Awesomepiece,/channel/UC8DE6aei0DOKa1s3PziV8Aw,어썸피스,28,81,38,14,4,33,29,227,12.33480176,35.68281938,16.74008811,6.167400881,1.762114537,14.53744493,12.7753304
286,타요튜브 [TAYOTUBE],/channel/UCBTsPtRCh6ln3IRQFjhjh1A,타요(인터넷 방송인),22,75,61,5,7,31,14,215,10.23255814,34.88372093,28.37209302,2.325581395,3.255813953,14.41860465,6.511627907
52,T1,/channel/UCJprx3bX49vNl6Bcw01Cwfg,T1/리그 오브 레전드,123,273,181,30,32,113,40,792,15.53030303,34.46969697,22.85353535,3.787878788,4.04040404,14.26767677,5.050505051
166,만만,/channel/UCRY0vKmqFmQ4XCJomWMBf-w,만만,58,33,67,13,25,36,21,253,22.92490119,13.04347826,26.48221344,5.138339921,9.881422925,14.22924901,8.300395257
161,도로시Games,/channel/UCulur1hLC2ca8oJn0xt9ojA,도로시(게임 유튜버),11,121,31,14,5,32,11,225,4.888888889,53.77777778,13.77777778,6.222222222,2.222222222,14.22222222,4.888888889
217,영래기,/channel/UCcvKf8NxAw9i09hZw1MQPBQ,영래기,38,52,81,16,17,37,21,262,14.50381679,19.84732824,30.91603053,6.106870229,6.488549618,14.1221374,8.015267176
121,눈꽃,/channel/UCnxOGZwppMFnMYS-eUJtwXw,눈꽃(인터넷 방송인),30,242,76,66,11,73,22,520,5.769230769,46.53846154,14.61538462,12.69230769,2.115384615,14.03846154,4.230769231
303,민또TV,/channel/UCCW6uYIUP4YKKe50k-ktVAw,민또TV,20,139,43,21,4,40,18,285,7.01754386,48.77192982,15.0877193,7.368421053,1.403508772,14.03508772,6.315789474
92,두치와뿌꾸,/channel/UCl402YYy7RcH7PBI3npmGPQ,두치와뿌꾸(인터넷 방송인),19,106,39,7,0,30,15,216,8.796296296,49.07407407,18.05555556,3.240740741,0,13.88888889,6.944444444
10,양띵 유튜브,/channel/UCYooECrv-fIXlPaDwEIaveA,양띵,50,241,60,41,7,70,35,504,9.920634921,47.81746032,11.9047619,8.134920635,1.388888889,13.88888889,6.944444444
218,가이코GK,/channel/UCYWW_lthmN8cvuIaN0G9D6g,가이코,18,84,41,16,10,30,20,219,8.219178082,38.35616438,18.72146119,7.305936073,4.566210046,13.69863014,9.132420091
384,마뫄,/channel/UCgEo04TieA9BEmiDOhYQUGw,마뫄,34,105,33,16,5,33,16,242,14.04958678,43.38842975,13.63636364,6.611570248,2.066115702,13.63636364,6.611570248
302,EA SPORTS TM FIFA 온라인 4,/channel/UC9otskL_kd-0CDib_5Lj-mQ,피파 온라인 4,39,94,43,4,18,33,12,243,16.04938272,38.68312757,17.69547325,1.646090535,7.407407407,13.58024691,4.938271605
358,펭귄몬스터,/channel/UCqcxF7BAF3GSz36Yx_0qGaQ,펭귄몬스터,34,64,45,11,8,28,17,207,16.42512077,30.9178744,21.73913043,5.314009662,3.8647343,13.52657005,8.212560386
388,Mudassar Saddique,/channel/UC_qgWkLIbwXA8YGWTbjSN3g,나무위키:대문,14,15,99,0,1,22,13,164,8.536585366,9.146341463,60.36585366,0,0.609756098,13.41463415,7.926829268
200,꽃영,/channel/UC8rDleR669f72Sha9PQK11A,꽃영,41,388,129,75,23,104,29,789,5.196451204,49.17617237,16.34980989,9.505703422,2.915082383,13.18124208,3.675538657
191,군필여고생 후추,/channel/UCscL0E82anT7mtoQjJTV6Mg,군필 여고생,11,106,20,14,9,25,5,190,5.789473684,55.78947368,10.52631579,7.368421053,4.736842105,13.15789474,2.631578947
144,이상호,/channel/UCfIUuMA7U_jImP7oWfTe4Pw,이상호,48,309,105,87,26,89,28,692,6.936416185,44.65317919,15.1734104,12.57225434,3.757225434,12.86127168,4.046242775
301,학살 HAKSAL,/channel/UCF7IBIvHZ2be4Ufo8i0uHBw,김효종(2000),33,128,56,16,8,37,10,288,11.45833333,44.44444444,19.44444444,5.555555556,2.777777778,12.84722222,3.472222222
324,크로롱TV,/channel/UCr0oBV3TSWoHz7MX4atZ7vw,크로롱,20,129,35,20,6,32,14,256,7.8125,50.390625,13.671875,7.8125,2.34375,12.5,5.46875
357,단미호유튜브,/channel/UCy5OjPJk87YCHNgd3qg2N9A,단미호,4,87,30,31,2,23,7,184,2.173913043,47.2826087,16.30434783,16.84782609,1.086956522,12.5,3.804347826
222,44층 지하던전,/channel/UCbErjjRiLboO1q0ha-R0OGA,44층 지하던전,11,104,21,12,1,22,7,178,6.179775281,58.42696629,11.79775281,6.741573034,0.561797753,12.35955056,3.93258427
350,Google Play Korea,/channel/UC8C0Yd20ke5XqOiZvMVgM9w,Google Play,9,103,52,5,24,28,6,227,3.964757709,45.37444934,22.90748899,2.202643172,10.57268722,12.33480176,2.643171806
132,배틀그라운드 모바일 - PUBG MOBILE,/channel/UCXVVG5ZM3SJJCh94xatR8Dg,배틀그라운드 모바일,70,164,197,52,40,81,66,670,10.44776119,24.47761194,29.40298507,7.76119403,5.970149254,12.08955224,9.850746269
187,버섯도리,/channel/UCYhUJGAH6HhOUJokzRupkpQ,버섯돌이,5,51,21,5,0,12,6,100,5,51,21,5,0,12,6
74,신비아파트 공식채널 - The Haunted House,/channel/UCoHsxU1eDWHom6D7Fce6kLA,신비아파트 시리즈,39,313,166,101,18,92,40,769,5.071521456,40.70221066,21.58647594,13.13394018,2.340702211,11.96358908,5.201560468
157,빅윈TV,/channel/UCbt557PsOnMaspiSUjuSVVw,빅윈,11,59,17,5,2,13,2,109,10.09174312,54.12844037,15.59633028,4.587155963,1.834862385,11.9266055,1.834862385
253,프리티에스더 PrettyEsther,/channel/UCkrboHEREUVOaFNbuQ2taZg,,10,150,45,20,6,32,9,272,3.676470588,55.14705882,16.54411765,7.352941176,2.205882353,11.76470588,3.308823529
66,퀸톨 TV,/channel/UCiwOunGuqfKjcLIBsteAAJQ,퀸톨,19,594,68,59,13,105,51,909,2.090209021,65.34653465,7.480748075,6.490649065,1.430143014,11.55115512,5.610561056
292,롤큐플러스 LOLQplus,/channel/UCigPeNf_uHiODmCRns_92Xw,롤큐,17,38,72,5,5,19,9,165,10.3030303,23.03030303,43.63636364,3.03030303,3.03030303,11.51515152,5.454545455
136,해물파전TV,/channel/UCqIwPYLfMd3EoWYwvyTjPnA,해물파전(인터넷 방송인),84,291,112,38,29,73,26,653,12.86370597,44.56355283,17.15160796,5.819295559,4.441041348,11.17917305,3.981623277
102,썩쏘TV,/channel/UCp77saYy1V_F3dld7GfJrcg,썩쏘(유튜버),128,259,205,41,44,89,44,810,15.80246914,31.97530864,25.30864198,5.061728395,5.432098765,10.98765432,5.432098765
395,롤큐이슈 LOLQissue,/channel/UCyqwhqket92QYbSALAV7oXQ,롤큐,23,30,35,9,9,14,14,134,17.1641791,22.3880597,26.11940299,6.71641791,6.71641791,10.44776119,10.44776119
17,캐릭온 TV,/channel/UCyn_E0ZE8RNOnYnF3lVaCOQ,캐릭온TV,18,271,48,92,4,53,41,527,3.415559772,51.42314991,9.108159393,17.4573055,0.759013283,10.056926,7.779886148
376,똘끼100%,/channel/UCybKp0O2N9sUZOgIm1j2r_w,인범,7,10,5,2,3,3,2,32,21.875,31.25,15.625,6.25,9.375,9.375,6.25
372,말괄량이 박삐삐,/channel/UC1ig0B3mPPXViUMTN5Hm-Ig,박삐삐,9,122,24,17,3,19,12,206,4.368932039,59.22330097,11.65048544,8.252427184,1.45631068,9.223300971,5.825242718
104,3D운전교실,/channel/UClsIn5fbUo2pSJN_3lhnDag,3D운전교실,8,132,196,20,5,40,37,438,1.826484018,30.1369863,44.74885845,4.566210046,1.141552511,9.132420091,8.447488584
78,Clevr TV [클레버티비],/channel/UCnMBn-PNx1M9TLF0s-sEDeQ,클레버 TV,19,525,48,81,3,67,27,770,2.467532468,68.18181818,6.233766234,10.51948052,0.38961039,8.701298701,3.506493506
197,운학 TV,/channel/UChbSCzDSKP_m4V5aEX1bmCA,운학,0,11,2,4,0,1,2,20,0,55,10,20,0,5,10
328,김유진 미국변호사YOOJIN,/channel/UC_Cprc-ruVm1GS0yPvqy14w,유진(유튜버),6,75,9,12,0,4,2,108,5.555555556,69.44444444,8.333333333,11.11111111,0,3.703703704,1.851851852
390,G-ZONE 게임은지원,/channel/UC9iXc6HmaGygDiTj5OaNqNg,은지원,16,174,57,16,3,10,7,283,5.653710247,61.48409894,20.14134276,5.653710247,1.060070671,3.533568905,2.473498233
171,Ras Apex,/channel/UCkiCNZ6c5Th3NpL2U8IhUWw,MVP(프로게임단),59,75,7,6,0,2,31,180,32.77777778,41.66666667,3.888888889,3.333333333,0,1.111111111,17.22222222
22,Dino Box Jurassic park,/channel/UCR3rHpatQ69g1uiGfGp60rw,쥬라기 월드,0,1,2,0,0,0,0,3,0,33.33333333,66.66666667,0,0,0,0
41,Toycoo 토이쿠,/channel/UCHCkaI_DQoU7Tgg4CsBN5Bw,TOEIC,0,1,2,0,0,0,0,3,0,33.33333333,66.66666667,0,0,0,0
242,바위골렘,/channel/UCLLGccON9y08RB7xqusu_Ww,바위골렘,0,1,2,1,0,0,0,4,0,25,50,25,0,0,0
,,,,,,,,,,,,8.994509818,34.08367144,21.93142587,5.43033297,3.253414614,19.66403882,6.64260646
