,name,youtube_code,namu_code,혐오,행복,중립,슬픔,분노,놀람,공포
0,박닝겐,/channel/UCtG4WVb1P38zdKG8HXP4scQ,박닝겐,22,43,134,6,4,40,12
1,Xbox,/channel/UCjBp_7RuDBUYbd1LegWEJ8g,Xbox,22,17,321,0,57,185,42
2,Lime Tube[라임튜브],/channel/UCxutPqfWSdYqaK8_tlc5PBA,라임튜브,9,106,53,14,5,45,21
3,ToyFamily,/channel/UCxLOTgnqpSqQp_kMPlb7PWw,Ryan's World,0,0,0,0,0,0,0
4,도티 TV,/channel/UChQ-VMvdGrYZxviQVMTJOHg,도티,34,470,84,58,9,123,36
5,감스트GAMST,/channel/UCbFzvzDu17eDZ3RIeaLRswQ,감스트,90,350,132,44,23,139,65
6,잠뜰 TV,/channel/UCg7rkxrTnIhiHEpXY1ec9NA,잠뜰,53,394,128,48,13,130,74
7,LsCraft,/channel/UC4Qw1uE9kwUI4cCAx9HZtxw,팬 케이,50,28,241,1,30,97,57
8,악동 김블루,/channel/UCNzcxCN_Hh_lu5RCSFXKgGQ,김블루,43,219,125,33,9,122,38
9,대도서관TV (buzzbean11),/channel/UCSHVH_AWVUc-C8-D8mh8W6A,대도서관(방송인),15,160,72,41,6,76,29
10,양띵 유튜브,/channel/UCYooECrv-fIXlPaDwEIaveA,양띵,50,241,60,41,7,70,35
11,김재원의 즐거운 세상,/channel/UCta_NRwnsUaew0t3VNxBNyg,김재원(샌드박스 네트워크),52,159,129,21,15,112,45
12,뜨뜨뜨뜨,/channel/UCHxKSivB6JLZ1SEMdxd1fAg,뜨뜨뜨뜨,79,193,99,26,20,143,28
13,Edu car toy school,/channel/UC3dt8G_iIiZXijtaaLgo1HA,Car Driving School Simulator,1,0,6,0,2,2,0
14,태경 TV,/channel/UCEPuItFWOOJ2o5hTu65NlEg,태경,22,298,70,45,5,91,28
15,T1 Faker,/channel/UCpJw2H9KKqwCCGQKRh1Bf2w,이상혁,48,259,110,24,14,149,30
16,악어 유튜브,/channel/UCQJuZxeDv2P05YHcC-tIEVQ,악어(인터넷 방송인),67,255,90,23,15,122,29
17,캐릭온 TV,/channel/UCyn_E0ZE8RNOnYnF3lVaCOQ,캐릭온TV,18,271,48,92,4,53,41
18,우주하마,/channel/UC2NFRq9s2neD_Ml0tPhNC2Q,우주하마,44,186,81,15,11,82,42
19,테스터훈 TesterHoon,/channel/UCUbOogiD-4PKDqaJfSOTC0g,테스터훈,30,199,84,11,10,112,19
20,우왁굳의 게임방송,/channel/UCBkyj16n2snkRg1BAzpovXQ,우왁굳,52,235,94,31,11,115,40
21,릴카,/channel/UC48NSSfUBsmL0k0wKxSqRkw,릴카,55,196,105,28,12,101,29
22,Dino Box Jurassic park,/channel/UCR3rHpatQ69g1uiGfGp60rw,쥬라기 월드,0,1,2,0,0,0,0
23,만두민 ManDooMiN,/channel/UC3DYSay178fMMPaf3zHwECA,만두민,41,136,139,9,22,85,26
24,킴성태TV,/channel/UCAaLhok91QDrweyuDRsmjqQ,킴성태,60,158,60,12,14,65,13
25,겜브링 GGAM BRING,/channel/UCSOeJWyByeoBHpmrm0NnlLw,겜브링,40,212,97,38,14,97,39
26,유정호tv,/channel/UCWCKqaOsUJ0OzjC01ATQmPA,유정호,64,181,102,37,20,77,39
27,혜안,/channel/UC8CIM3d3zDYMk-3T5aAz0yw,혜안(인터넷 방송인),83,253,84,39,20,109,37
28,MariAndColors,/channel/UCdvO5cIFPdFDhXDzs1WrbZw,말이야와 친구들,0,0,0,0,0,0,0
29,쁘허,/channel/UCtCnnCUn9IDDQRU9_04JD3g,쁘띠허브,32,408,61,62,16,109,45
30,기리TV,/channel/UCEcuyrAqhRVUmRdOd6FGKSw,기리TV,26,289,170,79,26,166,50
31,테드TV,/channel/UC5pbeFWTPAUdKu65kBROsBg,테드TV,51,223,222,33,23,158,52
32,makeUmove,/channel/UCc0_4m8a-YtBHEcYwjEnbxw,맥큐뭅,41,128,267,14,41,174,45
33,텔론,/channel/UCl4nBkmJCDs6RR8uWldAqLA,텔론,89,241,157,38,35,179,43
34,램램TV,/channel/UCHdsNK3SJi7tI85f4XPy7zA,램램,30,220,137,26,18,99,47
35,마재TV,/channel/UC7uKMg7lPdCp4Nm1tLesihQ,액시스마이콜,69,206,217,38,29,148,67
36,군림보,/channel/UCN5oT4zGJX-_H6pE5isAEeg,군림보,59,235,105,34,15,128,44
37,연다,/channel/UCZcD2iYy55-SkEbv3tcMZrg,연다,57,252,133,44,17,181,78
38,울산큰고래 박성주,/channel/UCIchCOLwLBMD87quHlNuXjQ,울산큰고래,60,308,152,30,23,156,46
39,머독방송,/channel/UC-Zedn7a_RJyb5hUQ-aGZog,머독(인터넷 방송인),64,167,139,6,23,150,41
40,잉여맨 유튜브,/channel/UCeG0ONJtjwE20ThR5iSYdsA,잉여맨,29,354,100,52,12,100,40
41,Toycoo 토이쿠,/channel/UCHCkaI_DQoU7Tgg4CsBN5Bw,TOEIC,0,1,2,0,0,0,0
42,침착맨,/channel/UCUj6rrhMTR9pipbAWBAMvUQ,침착맨,105,164,137,29,23,139,40
43,Lone Dragon,/channel/UC62pL2GZUeMx-gSzQmnB6gw,카라반 팰리스,0,0,0,0,0,0,0
44,괴물쥐 유튜브,/channel/UCDBAVzfX3yZ1hah0FHnOoaA,괴물쥐,81,210,111,23,19,122,36
45,개리형,/channel/UCRpdlPk671uOMiBtf5HtB3Q,개리형,49,233,134,18,23,128,45
46,압둘알리과로사,/channel/UC31ypOxFsuU3Q0OFpQzcQ3g,과로사(인터넷 방송인),83,315,165,34,27,196,74
47,돼지저금통,/channel/UCEVnzHZkNMG-XFUGomZ24cg,돼지저금통(유튜버),55,284,216,53,32,153,66
48,김왼팔,/channel/UCPI40-XQA9-GBGj2k8PPqfg,김왼팔,102,285,148,38,26,236,83
49,Cowsep,/channel/UCgzC7SsCYSfGrVWoHQS5W8A,Cowsep,35,38,231,2,20,138,28
50,눈언YT,/channel/UCt1dxdedblLX2PsSFFK0Hzw,유튜브,37,67,161,9,21,91,57
51,스페셜솔져 - 모바일FPS,/channel/UCU8zFvUOoHYB3DY5cKIiSKQ,스페셜솔져,0,0,0,0,0,0,0
52,T1,/channel/UCJprx3bX49vNl6Bcw01Cwfg,T1/리그 오브 레전드,123,273,181,30,32,113,40
53,문호준,/channel/UCeivPjjK9-cdj8-gw4-7JRg,문호준,72,218,172,35,23,171,43
54,강 지,/channel/UCIVFv8AiQLqM9oLHTixrNYw,강지,59,326,118,44,21,154,43
55,탁주 TV,/channel/UC7nVGqibbYgrzh733LDffNQ,탁주(인터넷 방송인),38,391,184,52,13,148,53
56,유키 YOUKI,/channel/UCidO_j4TWaTvUiid2WffuqA,YUKI,69,144,242,21,40,157,67
57,GCL 지씨엘,/channel/UCLuDznROytXtnMSDwo5aGJQ,GCL 지씨엘,56,163,118,25,15,131,55
58,헬로[HELLO],/channel/UCsR07Y3qMhf_oKxit4xLoHg,Hello,45,338,208,50,29,200,37
59,저라뎃 JUSTLIKETHAT,/channel/UC1dG3vI9FfHnH3YgyeKUz_A,저라뎃,94,225,198,45,47,143,52
60,코아 TV,/channel/UCdmPH-DTjL52x5K3lRvHYQw,코아(인터넷 방송인),79,318,147,44,10,174,64
61,로이조 TV,/channel/UCLJs55bZWMsCBPekt3vssoQ,로이조,24,220,42,8,20,71,2
62,유소나,/channel/UCxeWKVovE_mKNRCwAlpL87A,유소나,80,381,187,39,12,166,47
63,삼식,/channel/UCMOOio1GZ50OeJT58DGBQCA,삼식,60,342,94,45,16,155,47
64,TV대정령,/channel/UCHsK9gl5aU0F3umrU4Zn_sA,PD대정령,10,36,29,2,2,18,5
65,수탉,/channel/UCw-JzmPsjRcbzJLncr4pIIA,수탉TV,92,296,179,52,28,199,82
66,퀸톨 TV,/channel/UCiwOunGuqfKjcLIBsteAAJQ,퀸톨,19,594,68,59,13,105,51
67,퍼런안경_BLAS,/channel/UCSQkftbg2z4kz4NNBVs6CIQ,퍼런안경,56,147,327,18,42,177,65
68,Partition Zion,/channel/UCn_9mH91rLWez9SZ6AdjfYg,Partition Zion,47,35,337,7,49,225,87
69,형독방송,/channel/UCJDEss5wA1ddrCBC40giO8A,형독,71,301,171,75,24,170,65
70,서넹,/channel/UCylzl5EMsHKCMeUe2TLKLKA,서넹,31,333,87,37,10,116,25
71,Official Dopa,/channel/UCt15X5eHLwyP8PpNtQTkuDQ,도파(인터넷 방송인),108,186,217,29,27,139,50
72,GreatMoonAroma 대월향,/channel/UCWL_9MaaMy8ObTDPmVHemjA,대월향,82,179,284,18,34,197,63
73,LCK,/channel/UCw1DsweY9b2AKGjV4kGJP1A,League of Legends Champions Korea,81,196,207,28,20,161,41
74,신비아파트 공식채널 - The Haunted House,/channel/UCoHsxU1eDWHom6D7Fce6kLA,신비아파트 시리즈,39,313,166,101,18,92,40
75,김성회의 G식백과,/channel/UCZ0bi2aVJngKLwFTU5g_fLQ,김성회(방송인),86,220,164,24,22,166,54
76,꿀탱탱,/channel/UCAJAJ9bAvfjFLRrsqeumJIA,꿀탱탱,109,284,154,27,43,138,59
77,밍모,/channel/UCgjaQlejpAnIu0q-xtVfTEw,밍모,41,339,164,57,13,144,53
78,Clevr TV [클레버티비],/channel/UCnMBn-PNx1M9TLF0s-sEDeQ,클레버 TV,19,525,48,81,3,67,27
79,프레이 TV,/channel/UCSzHok6X5qXEO7cjvVnE62g,김종인(프로게이머),99,241,191,39,56,189,60
80,똘킹,/channel/UCnQRkIhRmXrxGrK4-8n-lVw,똘킹,32,99,49,5,7,49,21
81,JUNE,/channel/UCL_IvtOZo6sONpiydbzzHpA,JUNE,26,51,63,9,6,47,18
82,진호,/channel/UCXZaTqDKXHmNfKZ1ywhxe0w,진호(인터넷 방송인),20,78,46,18,6,56,22
83,OGN,/channel/UCKDkGnyeib7mcU7LdD3x0jQ,OGN,0,0,0,0,0,0,0
84,글자네 YouTube,/channel/UCb5NLtXAsTBrmaZVhyFa-Wg,세글자,29,57,37,5,8,36,14
85,백크 Baekk,/channel/UCugNO83_V7xZLzCsjpABGeg,백크,16,58,28,4,2,30,5
86,비누TV,/channel/UCbLispC1ydHSC_69kjZI6hw,비누TV,21,83,45,6,7,47,13
87,주키니TV,/channel/UCZ-UuK86Bk5sGzQQ2cEglJQ,주키니,31,94,42,8,2,33,13
88,빅헤드,/channel/UCAJ-meoCh1TrPZ7La3UpPrw,빅헤드,20,117,56,12,6,51,17
89,자몽티비,/channel/UCHsNxA14lzqnrm0mW7GQIXA,자몽티비,14,59,25,3,3,24,5
90,김희철 KimHeeChul,/channel/UCldBBBC3KowWN7ScJRQlZyg,희철,0,0,0,0,0,0,0
91,쵸쵸우,/channel/UCzoP3s16B9hP7f_qIc6DReQ,쵸쵸우,7,98,20,29,1,33,13
92,두치와뿌꾸,/channel/UCl402YYy7RcH7PBI3npmGPQ,두치와뿌꾸(인터넷 방송인),19,106,39,7,0,30,15
93,각별,/channel/UCDrAR1OWC2MD4s0JLetN0MA,각별,36,72,65,19,7,66,28
94,Game Land,/channel/UCdkCeGJ9G9Y5N0SReSPo5Tw,쥬니어네이버,0,0,0,0,0,0,0
95,루태TV,/channel/UCzPLwuw2vJgxtEQk2nM4TVg,루태,23,75,57,8,6,57,21
96,방앗간 비둘기,/channel/UC1MO5uem_t8lRgvIBF9u83w,방앗간 비둘기,33,64,66,13,9,37,20
97,롤큐 LOLQ,/channel/UCa-IaOPw5r1oQ4vuf3QjEPA,롤큐,13,53,49,11,8,30,9
98,Today on the Korean Server,/channel/UC65ZDJCYI1dwzj48XIeuOBA,서버,4,1,30,0,1,20,4
99,견자희 스튜디오,/channel/UCBvkQFBskQR9NeOoDYR8ckA,견자희,12,60,44,13,2,33,17
100,이석현,/channel/UCVZI7eLie2UlZph6aiBRNrw,이석현,61,252,128,52,20,138,40
101,마플 마인크래프트 채널,/channel/UC1q4Ihlv_YhLELw-ijE0Diw,마인애플,62,182,179,38,11,138,107
102,썩쏘TV,/channel/UCp77saYy1V_F3dld7GfJrcg,썩쏘(유튜버),128,259,205,41,44,89,44
103,이설 Leeseol,/channel/UCHqvLC2ilL2M4_SpoFiWtuQ,이설(인터넷 방송인),41,292,88,48,15,101,36
104,3D운전교실,/channel/UClsIn5fbUo2pSJN_3lhnDag,3D운전교실,8,132,196,20,5,40,37
105,휴지,/channel/UCj1dw4G9v09OLXIxiL_VUEA,휴지,28,167,112,51,15,105,38
106,탬탬버린,/channel/UCCA8UWUW80iHqK9ymdjRwPg,탬탬버린,46,143,101,20,10,115,59
107,풍월량,/channel/UCyHvSKT_bLDYpkv1JjjsLAg,풍월량,40,309,108,15,14,104,33
108,재민TV,/channel/UCfnMSbA2Bfi4cnuuN2pa0HA,재민TV,80,349,121,48,24,143,42
109,닥터파이어,/channel/UCUsrcN6Vtqr05ibbow_rnBw,닥터파이어,58,300,142,59,21,215,39
110,임선비,/channel/UCC4QcwDnXG5poPg__kD4YmQ,임선비,52,411,131,14,14,136,57
111,핑맨,/channel/UConOmISJY0oZHRhWGyvdQ2A,핑맨,88,359,118,33,16,186,47
112,희바HEEBA,/channel/UCrLxiPkgUEEnItqryMFVG2g,희바,30,315,156,89,16,127,54
113,오버워치,/channel/UC-2wa6jvprl7hfCpvw0ULzg,오버워치,77,315,157,48,22,146,48
114,김계정,/channel/UCM9m5BHwm-lU7tK07co3ClA,김계정,62,278,147,33,24,143,61
115,옥냥이 RoofTopCAT,/channel/UCcdlIcleb4oIK6of1ugSJ7w,옥냥이,70,170,145,45,36,136,36
116,투보,/channel/UCTSaxXnhUcrhv984bVpDr6Q,투보,83,282,169,39,30,189,69
117,늪지대에서 생긴 일,/channel/UC2uID-rcbLMi3RxZmZtwSZg,악어(인터넷 방송인),59,226,135,75,19,125,44
118,League of Legends - Korea,/channel/UCooLkG0FfrkPBQsSuC95L6w,리그 오브 레전드,139,268,210,63,43,175,64
119,차도르,/channel/UCtj_00nn_viF6wJNeqgpEiA,차도르(유튜버),57,69,102,17,13,75,42
120,멋사유튜브,/channel/UCIhfL5TX-FODmWcX2k1uWHg,보람튜브,60,261,123,37,26,157,49
121,눈꽃,/channel/UCnxOGZwppMFnMYS-eUJtwXw,눈꽃(인터넷 방송인),30,242,76,66,11,73,22
122,개구릿대,/channel/UCR0aLp4aIvxS07g6rGWZr_g,개구릿대(유튜버),68,299,113,59,19,141,53
123,팡이요,/channel/UCUR5w0E-jQTOO8Q0FZ4ilYQ,팡이요,73,289,152,35,32,181,46
124,모아요,/channel/UCtJpqaQ0XAmX5uYZ48crOdQ,모아요,76,190,184,34,19,147,43
125,San E,/channel/UCrhgVHA_uAiT9BoGV9qRKvg,San E,36,316,101,53,15,102,37
126,앰비션 유튜브 [AMTUBE],/channel/UCHYMpkGhNIr8A0m2H3lIjUA,강찬용/인터넷 방송,78,262,177,39,18,115,43
127,찬이TV,/channel/UCt51IEo3ZxxOysVAG_ylR6w,찬이,27,221,73,44,15,97,31
128,뽁구BBokTV,/channel/UCO5bdxKgKczSpjFbfsGykmA,뽁구,47,247,178,48,27,156,38
129,야옹해 바바 Miaow baba,/channel/UClSuqiIAACDUJrH3gb4JcLQ,야옹해 바바,57,329,141,16,32,143,62
130,꽃핀,/channel/UC2MgNh831KCMuYkK7u8C2dg,꽃핀,88,271,171,35,20,164,64
131,가브리엘,/channel/UC2FDVyrQnjoZCUyk9fmqd9g,가브리엘(인터넷 방송인),0,0,0,0,0,0,0
132,배틀그라운드 모바일 - PUBG MOBILE,/channel/UCXVVG5ZM3SJJCh94xatR8Dg,배틀그라운드 모바일,70,164,197,52,40,81,66
133,[꿀템TV] 클템 유튜브,/channel/UCvrxJgD0T_TFvgsO2nA-fDQ,이현우(게임 해설가)/인터넷 방송,90,266,136,48,46,116,57
134,초깨비의노래워치,/channel/UCZnrdNaOFqniv7qEEqQFvIg,초깨비,30,346,131,52,21,130,44
135,튜브김민교,/channel/UCBA9XaL5wCdHnC5EmEzwrqw,김민교(인터넷 방송인),97,257,212,35,36,212,63
136,해물파전TV,/channel/UCqIwPYLfMd3EoWYwvyTjPnA,해물파전(인터넷 방송인),84,291,112,38,29,73,26
137,김레인,/channel/UCj9LQu5-mfrf6imcyrnZfug,김레인,86,185,134,29,22,125,24
138,범석TV,/channel/UCz1Gc37nWsdF_jbJ_SvMl4g,범석TV,38,199,156,36,32,144,59
139,HeopopGames 허팝게임,/channel/UCobtktl5cCEYuAKLSY0vc2w,허팝,29,259,178,56,24,118,53
140,공룡,/channel/UCWf4QKgnTyvmehcRqw-JldQ,공룡,56,251,134,33,13,144,53
141,장덕대 초심찾는 채널,/channel/UC75lZzaXiCn0EYTwg9MB5vg,대문 밖 장난감,25,155,80,22,16,95,29
142,롤박사 해도리,/channel/UCCMQyaKDjQJY79VimTdaYYQ,롤박사 해도리,85,190,146,15,32,155,50
143,프로관전러 P.S,/channel/UCqI5lyTpC79pOy2D-VXAMdA,프로관전러 P.S,72,115,165,28,26,116,65
144,이상호,/channel/UCfIUuMA7U_jImP7oWfTe4Pw,이상호,48,309,105,87,26,89,28
145,Core-A Gaming,/channel/UCT7njg__VOy3n-SvXemDHvg,Burning Core,62,45,342,3,34,196,28
146,푸린,/channel/UC7bcRlidTERRb_MKRHPVSnw,푸린(인터넷 방송인),85,261,126,35,29,181,77
147,TEAM UNIVERSE,/channel/UCDRtZhASdfRnyhae7s-UemA,TEAM UNIVERSE,61,300,160,39,22,196,57
148,이태준,/channel/UC5gp0nGTdJ56YKzI40v0cRg,이태준(1995),101,278,139,20,23,153,38
149,YOU TUBE공갈,/channel/UCJ7PxHj3J_YeH1N2spjR6NQ,공갈(유튜버),83,259,156,55,44,115,62
150,동동 TV,/channel/UCmP6N0_CMbMUYwQRaPoFyng,동동 TV,13,97,48,10,5,50,26
151,미라클TV,/channel/UCLHwMFguUxHVSk91vzicEJw,미라클(인터넷 방송인),21,133,42,9,3,70,22
152,하창봉,/channel/UCilYpdgaNbW8x8_E83vomNw,하창봉,7,20,12,9,0,25,9
153,Summoners War Esports,/channel/UCy5CDpZBPxd9O20BnIt8YWg,서머너즈 워 : 천공의 아레나,3,4,8,2,0,6,2
154,성시훈 유튜브,/channel/UCQgu0whGhuJ2Hr8u6htgxxw,성시훈,25,90,62,15,2,39,15
155,서새봄,/channel/UCYtNOIg99pgGcrE4Uo44OdQ,서새봄,26,66,25,12,6,31,19
156,Loud G,/channel/UCYP2aGg8h_9JHqNQBHNKp7w,Loud G,40,61,64,16,9,41,26
157,빅윈TV,/channel/UCbt557PsOnMaspiSUjuSVVw,빅윈,11,59,17,5,2,13,2
158,미라지,/channel/UC73j3rtkjb3qCvC7XZidzmw,미라지(인터넷 방송인),16,57,26,8,5,35,15
159,빅민 GAME,/channel/UC2WbWQ3tQNeCRyXBsAeqWhw,빅민,20,38,29,7,2,20,6
160,발__젭,/channel/UCQ9eDVhFn_jq7eTpjf21ouA,발__젭,16,86,59,6,5,46,22
161,도로시Games,/channel/UCulur1hLC2ca8oJn0xt9ojA,도로시(게임 유튜버),11,121,31,14,5,32,11
162,아려랑,/channel/UCFMzJRPsLOL17lwxN_MdcnA,아려랑,0,0,0,0,0,0,0
163,플레르TV,/channel/UCwiCv-ym6TQhMWhN23jVQkA,플레르,6,51,5,9,2,15,5
164,랩해도돼?RAPTUBE,/channel/UC13r2XVC5h3unwWgo25puAw,랩해도돼?,13,63,23,25,2,25,10
165,MadLife TV,/channel/UCj1RW5MrOLh_VrX3yHF_yow,홍민기(프로게이머),10,22,10,2,2,13,2
166,만만,/channel/UCRY0vKmqFmQ4XCJomWMBf-w,만만,58,33,67,13,25,36,21
167,딕스Dix,/channel/UCOtcE3XmueVr78j8RCnr1QQ,딕스TV,16,55,38,9,3,34,8
168,바이준 BYJUN,/channel/UC3htcPlye6noa3pAgegT2AQ,김하늘,22,54,61,19,13,37,16
169,청원이,/channel/UCCs1YZHxUTIbLZd-xrvvMCw,청원이,17,33,64,13,4,49,20
170,YT Apple,/channel/UCmcd3r7AsHjm3deMgx1ZPiw,YT Apple,11,55,41,7,7,37,16
171,Ras Apex,/channel/UCkiCNZ6c5Th3NpL2U8IhUWw,MVP(프로게임단),59,75,7,6,0,2,31
172,주둥이방송,/channel/UC9ta639M37zzWKwo7kKc80A,주둥이방송,47,61,32,13,16,39,15
173,GH'S,/channel/UCdrBnBNLsN4_cH32HWbr9qg,GH,13,46,34,4,5,39,6
174,클래시 로얄,/channel/UCgT2gPsXQ0jqb3poL5wN31Q,클래시 로얄,13,32,31,11,2,30,12
175,김진솔,/channel/UC2qm7lVDDnGuvNj6D9jHFkA,김진솔(인터넷 방송인),10,21,17,5,8,22,6
176,걸뽀girlbbo,/channel/UC_VOIxjBN_WIPKxpPs1omZQ,걸뽀_,15,87,28,5,3,36,4
177,흑운장TV [BLACKTUBE],/channel/UCdtV_sB8WUWo-P_q3OwNfcw,이성은,41,112,70,12,15,64,18
178,옴므,/channel/UCSWMuYooxYPorJSumJbLzCQ,옴므,4,33,11,7,2,13,3
179,쉐어TV,/channel/UCb0eyf03Jz8Q5j2q65TzCoA,쉐어TV,12,100,30,11,4,51,19
180,양아지,/channel/UCmMxEFwIOMGGoThkmtZZOvQ,양아지,29,66,36,11,6,48,18
181,비콘 TV,/channel/UCT_Sf9z6Cqy11VHOfbnQPNQ,비콘(유튜버),6,42,16,1,3,14,1
182,인피쉰,/channel/UC-okJdotaXPlzivRzHFqzuA,인피쉰,17,35,21,7,5,24,7
183,TheRankings,/channel/UCv0Fm-Ge7D_zmN9Gw9x2cMA,비트코인,0,2,16,0,1,20,1
184,홍방장,/channel/UCHxrU6bjWrnBfmReUAeztcw,홍방장,0,13,3,0,1,3,0
185,다주,/channel/UCawY6uW94r1JcBuOTqHDfow,다주,0,0,0,0,0,0,0
186,떡호떡,/channel/UCqMixH4Cc7CdySihHG4kkIA,떡호떡,10,27,32,7,2,24,10
187,버섯도리,/channel/UCYhUJGAH6HhOUJokzRupkpQ,버섯돌이,5,51,21,5,0,12,6
188,채널 명예훈장,/channel/UCs0LzOveQMLImmmTrMmP2sg,명예훈장(인터넷 방송인),7,33,29,4,7,17,3
189,Landing TV,/channel/UCkwRQReFyYUHzPqGk5vO7Tg,랜딩(인터넷 방송인),0,0,0,0,0,0,0
190,클래시 오브 클랜,/channel/UCORzNUvBtd0j_wraSf88Y4w,클래시 오브 클랜,0,0,0,0,0,0,0
191,군필여고생 후추,/channel/UCscL0E82anT7mtoQjJTV6Mg,군필 여고생,11,106,20,14,9,25,5
192,에렌디라,/channel/UC6xWZn2suKPqAQkidOiMeHg,에렌디라,2,9,2,0,1,5,1
193,Project LOL,/channel/UC5WxymH7e2H_SGjJyvTb-iA,프로젝트(리그 오브 레전드),19,63,45,13,9,72,19
194,나라카일,/channel/UCdMevbThDzHEbiqu0MhyfAQ,서지선,21,64,36,6,7,38,12
195,MariAndGames,/channel/UCFt6SlUqvKDCwva8nzTBXUQ,,5,21,10,9,1,11,3
196,콩콩이다,/channel/UCzjEp3u8RMkOJwpc3RzxmWg,콩콩,10,43,33,8,6,28,12
197,운학 TV,/channel/UChbSCzDSKP_m4V5aEX1bmCA,운학,0,11,2,4,0,1,2
198,유혜디,/channel/UCMBbYvXl8iHmtdtlkXt0yYA,유혜디,2,48,11,3,1,12,3
199,거눈 GONOON,/channel/UCSGi7jxv1fqTx9hYI_lrGdg,김하늘,0,0,0,0,0,0,0
200,꽃영,/channel/UC8rDleR669f72Sha9PQK11A,꽃영,41,388,129,75,23,104,29
201,하승진,/channel/UCINRJxfiq8pXfQm1EucWFfw,하승진,53,375,104,39,19,109,45
202,준등,/channel/UCcgCkpS7T7yXztF30hzy8DQ,준등,5,25,15,2,2,15,0
203,집마 홀릭,/channel/UCmZeuRfHYowZhf6odtoaNdg,집마 홀릭,18,61,53,15,2,32,17
204,지덥,/channel/UCQBl5ytG10Y_tnWe__8kUJw,지덥,10,62,22,13,5,27,6
205,랄로,/channel/UCD2YO_A_PVMgMDN9jpRrpVA,랄로,27,48,45,20,10,33,17
206,도애니 DO animation,/channel/UCqgxGebwwkoldbl3h7UoUiQ,도현성,21,72,49,21,7,50,18
207,이영호FlaSh,/channel/UC4TDU9SEVB0EgslnTI2O9IQ,이영호,13,54,43,8,8,38,3
208,쫀득TV,/channel/UCmCNgLHdknmCdQelpwxQvvg,쫀득(인터넷 방송인),24,86,49,11,8,42,16
209,YouTube지누,/channel/UCJGww2K__Q3y-MtDi0XWH2w,지누(인터넷 방송인),8,52,21,8,3,23,9
210,ZealsAmbitions,/channel/UCpDcj6E73QeFkmqk7gH5wxA,,9,8,78,1,10,44,14
211,플레임TV,/channel/UCDLDbittWhk2KXvaCT0YpZQ,플레임TV,11,62,43,9,5,56,32
212,팍플레이Pacplay,/channel/UCZecnuVvQnBCoopyobFdDZg,팍플레이,8,37,27,2,3,15,8
213,GOIS,/channel/UCEIzrF00OYA8B-WqAN5vUmg,GOIS,14,16,133,3,14,61,17
214,보물창고,/channel/UCRwMczVQ8Jr8_8Dd8o7hPnQ,보물창고,23,64,45,5,11,40,15
215,메이플 이득충,/channel/UCnHpxlp418JpbxtVEfPRK4Q,메이플 이득충,9,18,15,4,1,10,3
216,노돌리,/channel/UCNvGiN93jKCp39Jsq31BMmg,노돌리,16,71,28,6,4,40,13
217,영래기,/channel/UCcvKf8NxAw9i09hZw1MQPBQ,영래기,38,52,81,16,17,37,21
218,가이코GK,/channel/UCYWW_lthmN8cvuIaN0G9D6g,가이코,18,84,41,16,10,30,20
219,엔젤 유튜브,/channel/UCt5e5QXzt_Ub5azmAk4ozAw,ANGEL7777,3,16,7,3,0,9,4
220,PAPADOG,/channel/UCYwV9dJhAQSFrFU9JyQ5t1g,파파독(유튜버),12,44,13,4,4,23,4
221,지라라,/channel/UCdRDEMsLzDgoXY0AdQ1yN8g,지라라,14,81,20,6,5,30,9
222,44층 지하던전,/channel/UCbErjjRiLboO1q0ha-R0OGA,44층 지하던전,11,104,21,12,1,22,7
223,[ALTUBE] 김성현TV,/channel/UCOTJtP0Z9DjpPU43B5m1V6A,김성현(프로게이머),21,53,47,7,4,52,16
224,오요,/channel/UCXhTIte6TjoItbiUVUnMIlA,오요,12,41,42,12,4,31,14
225,니얼굴윤겔라(geltube),/channel/UCMsjY8EfFZNul-_7DvWe6Aw,니얼굴윤겔라,19,80,43,4,4,45,14
226,JINTUBE,/channel/UCi66uG_I878tcnbIhN7KRcg,,14,30,74,3,8,44,7
227,브롤스타즈,/channel/UClJspSpzADMROqOW9HLHaoA,브롤스타즈,1,34,19,3,2,20,2
228,아구 TV,/channel/UCAGUSx1hbPKDqzBZH7bTjiA,아구(인터넷 방송인),21,42,28,8,13,51,12
229,무지개맛 Rainbow Flavor,/channel/UCcR_wZ0zimC6UT8VO0KcS8Q,무지개맛,4,17,14,3,4,13,5
230,동수칸TV,/channel/UCVJT18d9wSCnDUdnJ9ycO7Q,한동숙,2,16,11,0,0,14,1
231,BRUSH,/channel/UCRqcPtAY2IrOjjOPt2TbYVQ,펄렁붓,5,47,37,24,10,51,19
232,심즈 아무나AMUNA,/channel/UCKQm9pMIE5ti11h_m6NEHpw,심즈 아무나,10,44,45,6,2,43,10
233,수찬 Suchan,/channel/UCLm0fAzu27N2aSd3lHsy2zQ,전수찬,13,72,17,6,9,21,4
234,두칠이의게임방송,/channel/UCwDFdWg0nGlEMr4iJnKWqYw,두칠,11,49,31,11,10,30,6
235,이초홍,/channel/UC-jHB5e-6LF-yz0kMCTZWdg,이초홍,12,56,25,4,4,33,7
236,TFO,/channel/UCk5mlvpbj8CZxD229CpiouA,TFO(유튜버),9,68,63,8,5,47,15
237,윤루트,/channel/UCmJ4DkPFPzjR2TkJ7lXSQWw,윤루트,20,52,39,20,5,37,17
238,웁tv,/channel/UCnCFD3met1Ip7OngdF9TRDg,웁,5,28,12,3,6,26,6
239,메도우이헌터,/channel/UC4rp07nTMJb13faNO94lm6A,메도우이헌터,5,23,2,15,0,14,2
240,TV블루위키,/channel/UCQreDC73rqiw1wSc_ZYwgHA,블루위키,29,88,105,16,6,84,29
241,녹두로 월드,/channel/UC9vz3TBChrJmYbzUo-rqfSg,녹두로,27,69,47,12,2,52,13
242,바위골렘,/channel/UCLLGccON9y08RB7xqusu_Ww,바위골렘,0,1,2,1,0,0,0
243,런민기,/channel/UCY74n-XQJ69dxNdN7h71wLg,런민기,11,62,47,6,2,42,13
244,Awesomepiece,/channel/UC8DE6aei0DOKa1s3PziV8Aw,어썸피스,28,81,38,14,4,33,29
245,RinyTiny [리니티니],/channel/UCArr7e9zILksFPuGDq-MffA,에스와티니,0,0,0,0,0,0,0
246,피아노캣 [PianoCat],/channel/UCDyc0_OWYXI1WcaMjijHrDA,피아노캣,16,65,40,8,1,34,18
247,류으미,/channel/UCNeHPUKNUBmBMZy_rzHPzSw,류으미,18,46,45,4,5,43,21
248,홍개,/channel/UCDkQMlfo7GvgvnrkPawW9tg,홍개,17,57,38,9,8,57,16
249,신해조,/channel/UCiCNc3uj8Bnc9bDzHJS058Q,신해조,16,37,34,10,9,33,4
250,Wall Su,/channel/UC5ScPjbt-a97AJO7SBj6nAg,Wall Su,16,24,41,11,2,34,15
251,더빙레이디,/channel/UCVPTh22MstSVobuvF7zQ3Sw,더빙레이디,18,50,28,10,0,21,8
252,짬타수아,/channel/UCNoSlvimHmdOgtHOCNjj7ew,짬타수아,21,54,46,3,6,30,8
253,프리티에스더 PrettyEsther,/channel/UCkrboHEREUVOaFNbuQ2taZg,,10,150,45,20,6,32,9
254,도현,/channel/UC-Pn1i_ot4qmG4l7wMZPvyw,도현,34,64,37,15,8,53,15
255,랑말TV,/channel/UCc_7XbnN1bTFMhquCKt3ngA,중화TV,4,11,36,0,4,18,5
256,메탈킴,/channel/UCOaUB8RzbLXB7QZtCmMO-8A,메탈킴,70,196,223,44,40,183,59
257,겜스트GAMEST,/channel/UChtdyqmH0yVFWTBJERP2PKg,감스트,56,342,177,44,28,129,41
258,쌀튜브 Thal YouTube,/channel/UCoYFo-lRD3pchMUtsBcEbOA,박권혁,54,113,114,22,26,106,26
259,아빠킹,/channel/UChfs1dQ5phBDBWZJ1hHLbUA,아빠킹,86,231,129,26,37,154,42
260,김짱돌,/channel/UCsi8xzlmARKDK_ItRW8imyg,김짱돌,112,301,151,79,29,157,49
261,케인 TV,/channel/UC0aKwoKNeqBaUwiEXmkQaGQ,케인(인터넷 방송인),99,187,193,45,32,176,59
262,김뚜띠,/channel/UCTZPZo3xuW5k6RkhlVaJ0jQ,김뚜띠,41,249,110,29,14,126,27
263,스간TV,/channel/UCK1B7KLih3kE1Iy0SCBDzkQ,스간,71,292,161,101,33,148,59
264,김용녀,/channel/UCXmdpmRnf5WKMssvByY2Elg,김용녀,20,130,62,16,10,91,30
265,지컨,/channel/UC0z8bddfRBRBmEC-AjI6UXw,지컨,57,307,71,48,14,125,39
266,묘송이MyosongE,/channel/UClWTMxooQefOLUV0TRcJ1Eg,묘송이,38,221,82,45,13,128,50
267,사모장,/channel/UC4XjKgCtpwpACzUCiUKOd3Q,사모장,84,242,196,24,46,142,61
268,요롬Yorom,/channel/UCqx0Xywhh72631omzTWNixA,요롬,31,336,155,64,59,145,42
269,각폭 YouTube,/channel/UCutaHUD-Oos2EBNNEwd4QQg,각폭(유튜버),82,363,191,48,24,171,41
270,힘쎈너구리,/channel/UCADf92tisOOh90hrZee4-LA,힘쎈너구리,78,227,138,41,26,225,62
271,김리븐,/channel/UCgySwATr_UPiGqrwfRo6_ag,김리븐,83,316,161,42,26,181,55
272,카운터,/channel/UCN5Z4EkujWOl7UMbc4J-3Cw,카운터(인터넷 방송인),74,278,229,67,25,184,92
273,LOUD CAST,/channel/UCAI86CUHDIkKXGA6YpVBhYg,Loud G,45,239,125,26,10,108,34
274,SANDBOX NETWORK (샌드박스 네트워크),/channel/UCCjR2EbSnsVKRVeTvPjVWIA,샌드박스 네트워크,57,87,76,26,25,76,33
275,브론즈연합회,/channel/UC-39bqpwYeoyvm2qHfAhHiA,브론즈연합회,68,387,104,25,32,218,59
276,왈도쿤,/channel/UC-S8JFhLkQ5enhB70c2CYIw,왈도쿤,77,224,177,53,25,235,66
277,루리TV,/channel/UCo2qwN2FUPnLLJjHXNusFyQ,루리(유튜버),3,17,3,6,0,9,2
278,깝도이,/channel/UCqVkQsNin4MdGFrWvzFVOKw,깝도이,3,9,5,1,0,10,2
279,프제짱,/channel/UChD2kf1XO2sxR4t4s_oPPMA,프제짱,9,76,58,11,4,45,10
280,피큐큐,/channel/UC_jNan0EvSTUNKT2dj6U31A,피큐큐,12,71,48,4,2,41,8
281,카이바군,/channel/UCDEOj33PPDR-Hw9RxdKfjpw,카이바군,18,80,56,15,11,49,12
282,푸른 [ Pureun ],/channel/UCXrjLuKRFe1OxlR9T6uNs6w,PUREUN,0,0,0,0,0,0,0
283,Mobirix,/channel/UChs3xgH4BWAsTi-SGjECiZA,모비릭스,0,0,3,1,1,1,0
284,사과몽,/channel/UCjaoaH1tIwV6uLZHEmlQNdw,사과몽,23,129,30,18,8,42,20
285,김쵸코,/channel/UC0SsBKkmlkyNx6bo0SSAEpQ,김쵸코,8,79,22,8,4,36,9
286,타요튜브 [TAYOTUBE],/channel/UCBTsPtRCh6ln3IRQFjhjh1A,타요(인터넷 방송인),22,75,61,5,7,31,14
287,바사카네,/channel/UCy5DTlJJ3eo7I83h-IEL1KA,암바사,0,0,0,0,0,0,0
288,우왁굳의 풀업로두,/channel/UCzh4yY8rl38knH33XpNqXbQ,왁카데미,17,44,9,3,5,31,11
289,표림,/channel/UCxbxK61xeFoymuxmi4ik73g,표림,30,68,46,8,8,48,13
290,소맥거핀,/channel/UCaaZFxjlHI3T_I-uFbldIGA,소맥거핀,10,27,36,9,4,31,9
291,Draw Anything Animations,/channel/UC_ZYBT7vZOSyoyfeQraKCOw,Art's Animations,26,32,116,2,15,78,24
292,롤큐플러스 LOLQplus,/channel/UCigPeNf_uHiODmCRns_92Xw,롤큐,17,38,72,5,5,19,9
293,Mnics에투샤,/channel/UCubybnI2mstR-E24cc0rt9w,에투샤,6,23,14,4,2,16,6
294,이녕,/channel/UCLoGhS_8p-G_pzrkfgMi9NA,이녕,22,77,51,7,2,42,21
295,알짜,/channel/UC9Qsk7A_dVWZc6l1FRS8amQ,알짜,2,49,17,6,3,25,6
296,Flyerbek,/channel/UCMoQZs-z0PECNIs-b8CHOag,V3 Esports,0,0,0,0,0,0,0
297,이아린 Ahrin,/channel/UCqIYXDSU6mC_Na4b39lOIZw,이아린,8,87,28,9,4,24,4
298,흉폭한 포로 Violent Poro,/channel/UC9aEa6zVK12OZaWyTIPX9jw,포로,15,55,48,2,9,36,15
299,모드로나티 Modronati,/channel/UC9-B--tzbvBUMVkGVyCTaIQ,모드로나티,15,30,40,3,7,28,19
300,엔마유튜브,/channel/UCF-rFAdN7dzd-SI2T3rkCaQ,엔마,29,89,75,6,13,70,15
301,학살 HAKSAL,/channel/UCF7IBIvHZ2be4Ufo8i0uHBw,김효종(2000),33,128,56,16,8,37,10
302,EA SPORTS TM FIFA 온라인 4,/channel/UC9otskL_kd-0CDib_5Lj-mQ,피파 온라인 4,39,94,43,4,18,33,12
303,민또TV,/channel/UCCW6uYIUP4YKKe50k-ktVAw,민또TV,20,139,43,21,4,40,18
304,마인의 비하인드,/channel/UCzbLTaNlODXhvobAcTs4XRQ,마인의 비하인드,30,64,67,28,4,66,27
305,로빈,/channel/UCo33r3SAf5z9MS-lrXV2aOQ,로빈,8,67,40,10,4,43,6
306,오린이,/channel/UCeVVzlUnjNMFy_DVTZqZ5ZA,오린이,19,102,35,9,4,41,15
307,훈토이TV,/channel/UC3ihyjIvubiIAieg8SlmtIQ,훈토이TV,12,58,50,10,6,77,17
308,땅우양,/channel/UC9vI-9WYQLXKI6n9XdXXo3g,땅우양,9,65,33,5,7,37,18
309,별고래_StarWhale,/channel/UCD8maIontXDHmsewDbyMXDw,별고래,15,39,51,2,3,32,11
310,소니쇼게임방송,/channel/UC141BuVRzSSXJX33Am9yxEA,소니쇼,30,104,30,12,5,47,15
311,박나나,/channel/UCS3_H_feQRm4QbXipKTvSrw,박나나,33,107,61,15,7,52,29
312,Bang,/channel/UCnDcpS7XLQ9KFPqULb9TH8g,배준식,11,76,38,17,3,47,4
313,리타유튜브,/channel/UCzMAqDi4M4CrwMSi_EnnV4g,리타(인터넷 방송인),20,113,45,9,6,66,16
314,강한달,/channel/UCIqg17JWrhmYT--KZbHk3HA,강한달,64,61,49,16,19,68,18
315,소풍왔니,/channel/UC5qsXOIsLbkEIP4DI7xWOlg,나무위키:투명성 보고서/요청/소풍왔니,33,132,59,23,6,57,20
316,무협지 League of Legends,/channel/UCIA_jLpi8Tp2YM8ZTe4nD5A,League of Legends Japan League,0,0,0,0,0,0,0
317,더빙걸,/channel/UC6t1NCFKCiBUuIbM3ujRRPQ,더빙걸,8,73,25,13,8,27,11
318,나는상윤,/channel/UCozuuEEitjQXtCzubNO0BGA,권상윤,25,84,56,10,8,38,17
319,Tenha,/channel/UCOXPm9nqKtb2pIpO0UybBHA,나무위키:대문,3,2,20,0,2,8,6
320,천양,/channel/UCXOLqHsi_mxJdTIqU7B6OmQ,천양,18,65,37,1,9,33,3
321,살인마협회장,/channel/UCgWwo8FJL3MCxfd66ip7nFg,살인마협회장,22,34,21,11,8,35,14
322,EFFECT,/channel/UCcc3YwvoDF3LqfGZPZmCyhg,황현(인터넷 방송인),18,89,54,23,11,100,20
323,메이비TV,/channel/UCPITXstDqqLYbBUiAVqYjfg,메이비(인터넷 방송인),0,32,6,3,0,10,2
324,크로롱TV,/channel/UCr0oBV3TSWoHz7MX4atZ7vw,크로롱,20,129,35,20,6,32,14
325,Jin Studio 진 스튜디오,/channel/UCDk0AHutsIFLsQYhMvmkdrQ,진,15,53,71,5,9,42,25
326,서든어택,/channel/UCMJhnmKJ6xwRIFL1ZFb9QrA,서든어택,21,50,26,8,5,28,4
327,I like movies XD,/channel/UCE9Ib6JHShc7MHQ7pMwj0YQ,XD,0,0,0,0,0,0,0
328,김유진 미국변호사YOOJIN,/channel/UC_Cprc-ruVm1GS0yPvqy14w,유진(유튜버),6,75,9,12,0,4,2
329,해르시,/channel/UCwMzCpU05utIvYP7-tm08fA,해르시,19,84,57,10,6,56,7
330,코브,/channel/UCqFt6raBlXK-qJCWsTKW62A,코브(유튜버),29,51,56,5,4,61,28
331,튜나,/channel/UCyi9eZCavFN5P6GQVokRiQg,튜나,36,32,38,22,10,29,13
332,순당무,/channel/UCZW0yRW2HK7_fzgL9HQu9ZA,순당무,25,52,27,6,10,43,15
333,호진,/channel/UCZZEgBpbLP0ILVc4nGg39-w,이호진(e스포츠),21,87,50,8,6,38,9
334,피닉스박,/channel/UCZ6IM7_T-bCmr_7DgAKjYxg,피닉스박,40,73,68,15,14,48,13
335,따효니DDaHyoNi,/channel/UCFM_07Mxv6CglREk8qdkPaw,백상현,36,89,45,10,11,44,17
336,꾸몽,/channel/UCH29Gz8a6veRLqUxzjBXHrQ,꾸몽,20,99,87,9,3,67,36
337,듀단 [듀튜브],/channel/UCPd2VrGLDguFs9AckozHtrA,듀단,10,58,19,0,3,23,10
338,Ace Art 에이스 아트,/channel/UCpfY3rf_vaW6UQ2hGlqGhIQ,에이스,11,87,51,22,1,57,26
339,게임토리,/channel/UCA57VZoIKNqjaBjokHPZbtg,토리,27,78,47,15,4,55,14
340,실프,/channel/UCWOPxkftlmCstC5drb9VM_A,실프(인터넷 방송인),33,92,56,7,1,50,15
341,택신TV [BISUTUBE],/channel/UCBa9U1nh3fe2lBx3a0R0Skg,김택용,22,82,59,7,9,50,16
342,잡초,/channel/UCSWLx_GQlGADYipEyXF2Mxg,잡초,22,99,47,18,6,43,18
343,고누리,/channel/UCs0P4GrXEumyYn-d8ASrGlA,고누리,26,45,29,10,7,30,13
344,온다람,/channel/UC3LNd5iXQZ8WinaOpfwXveA,온다람,16,47,30,14,7,43,20
345,모두의마블 TV,/channel/UCc5al0BciX358Rg9YXk1LBg,모두의마블 TV,16,9,18,10,7,17,5
346,조우,/channel/UCpXnb06Y0uc6ewEf3WL4wDQ,조우(유튜버),23,65,47,10,5,44,26
347,금똥왁왁,/channel/UCt4wd8jZFvFjrHy6EXLrmVw,금똥왁왁,16,52,43,7,16,39,12
348,Revinen,/channel/UCVszhXaoqB7Ekx1coEU6PzA,Revinen,5,10,65,3,8,40,11
349,TV용느님,/channel/UCbHN1sTuPySKpnqKSp0JHRQ,용느,36,88,39,13,8,34,7
350,Google Play Korea,/channel/UC8C0Yd20ke5XqOiZvMVgM9w,Google Play,9,103,52,5,24,28,6
351,무릎의 철권TV TekkenKnee,/channel/UC0Zl_lyMoTbroBSNv7SpGuQ,배재민,11,91,61,6,1,39,10
352,옙가,/channel/UCcwEXGl8tRJTJ78WBPa7dUA,와나나,4,6,16,1,1,9,3
353,닥터준 YouTube,/channel/UCOY3LbxXxCd8SykBvcVJlzg,닥터준,16,51,46,17,7,30,5
354,Wolf,/channel/UCYJ0Ucu9jPX5kn6SeDcNaIQ,이재완,27,47,45,12,7,36,13
355,[KongAlTube]콩알튜브,/channel/UCDqkO1FZXchBTGtsm7uO8jw,보람튜브,11,86,64,20,8,82,34
356,Rush,/channel/UCkV_ZgwCFlAvUIu4k0UBBaQ,이윤재(프로게이머),2,9,11,3,5,18,4
357,단미호유튜브,/channel/UCy5OjPJk87YCHNgd3qg2N9A,단미호,4,87,30,31,2,23,7
358,펭귄몬스터,/channel/UCqcxF7BAF3GSz36Yx_0qGaQ,펭귄몬스터,34,64,45,11,8,28,17
359,전쓰트의 게임 채널 Junsst,/channel/UCD8r5Jgns2V64-NcUmXclpg,전쓰트,22,61,45,11,17,32,16
360,라더,/channel/UCDujSmC7qoEp89PE4ANN0vA,라더,0,5,2,2,1,7,3
361,체험판의컴퓨터채널Trialversion,/channel/UCeSnJtdf_dgvFqtK1PpxygA,체험판의 컴퓨터 채널,12,11,28,8,4,14,7
362,Rope로페,/channel/UCAtwdcmAFuTeK_nQ-wxGW0w,로페,12,76,74,8,20,64,16
363,이서니,/channel/UCcL8PoeJCC6DwAcKyzw_eQg,이서니,19,52,32,10,7,28,7
364,알로직,/channel/UCd4vEfDwg_kzVI-9Eq8sPHA,알로직,13,31,14,3,10,20,5
365,쉐리,/channel/UClDbuB3bgZYVIaN3534c_ew,쉐리(인터넷 방송인),3,20,17,3,5,20,3
366,노란 단무지,/channel/UCLGFyHp-wUhKrmNJBWZg75A,노란 단무지,18,40,35,8,6,39,19
367,PAKA,/channel/UCJpAwvQaZyCI5spAz7tipGA,PAKA,34,118,69,24,4,52,20
368,구스마일,/channel/UCpVLAetJt6_XjktxxhDUY2w,구스마일,15,74,58,23,7,50,21
369,중년게이머 김실장,/channel/UCSgvQDek_7CQj08fu7kp1Iw,중년게이머 김실장,15,47,32,9,0,28,9
370,왕군게임국,/channel/UCqONn4EbAYzIVEGAoQxmZUA,왕군게임국,22,96,55,18,6,63,16
371,화틱,/channel/UC2b9TmgJ-jZt8ZAKF4DwIWg,화틱,22,28,28,7,4,23,12
372,말괄량이 박삐삐,/channel/UC1ig0B3mPPXViUMTN5Hm-Ig,박삐삐,9,122,24,17,3,19,12
373,디스 이즈 샤이,/channel/UCBo3r_IAd1EiFGe1x7GgTLw,박상면(프로게이머),22,115,62,15,1,45,20
374,코렛트YouTube,/channel/UCvmHDocKuL6MVx1qRgqLV9g,코렛트(인터넷 방송인),19,50,29,2,6,43,13
375,최군TV [무삭제 풀영상],/channel/UCwGeidQWKEMdFIujQrz37qw,최군,6,39,13,2,3,21,2
376,똘끼100%,/channel/UCybKp0O2N9sUZOgIm1j2r_w,인범,7,10,5,2,3,3,2
377,게렌의 게임극장,/channel/UCUEX0L7GHPs95m8S7G6kWVA,게렌(인터넷 방송인),11,81,35,19,5,33,12
378,ryujehong,/channel/UCtt0Hg9MhraTkzWwNQpplHg,류제홍,32,86,31,7,5,50,7
379,홀릿 Youtube Holit,/channel/UCoH2pCzAr6zWDG-LtUiLWRw,홀릿(유튜버),23,64,56,16,6,61,24
380,_헤징,/channel/UCj38fEefpih2o1aHH886Z1g,헤징,24,102,47,19,3,50,25
381,넷마블 TV,/channel/UCpYaDypxUY_bB6s23sfpuMg,넷마블 TV,4,6,6,0,0,3,1
382,꼬예유 & 한예찬의 게임저장소,/channel/UCJoWNCiFuiN4eZnB80WUf4Q,한예찬,10,122,93,13,16,60,27
383,삐라,/channel/UCw2zOqd6hXsny79qDki_Z4w,삐라,31,101,51,7,12,59,17
384,마뫄,/channel/UCgEo04TieA9BEmiDOhYQUGw,마뫄,34,105,33,16,5,33,16
385,KD키드,/channel/UC98Dw7oYrXnoXCfhxgffzRA,KD키드,11,77,56,20,10,39,14
386,삐부찡,/channel/UCWbbrLELoBRo-8KG1D9m4HQ,삐부,22,45,30,11,5,35,8
387,LOL PRO Replays,/channel/UCYX9IB_lU43EenSWKDlheUg,2020 League of Legends Pro League Summer,0,0,0,0,0,0,0
388,Mudassar Saddique,/channel/UC_qgWkLIbwXA8YGWTbjSN3g,나무위키:대문,14,15,99,0,1,22,13
389,전자오랏맨,/channel/UCkcaRxpTcisadUeCbHOYTFw,전자오랏맨,27,71,63,24,8,57,15
390,G-ZONE 게임은지원,/channel/UC9iXc6HmaGygDiTj5OaNqNg,은지원,16,174,57,16,3,10,7
391,이춘향,/channel/UCH-5Xjx6MuEySkb-lAdIEeg,이춘향(인터넷 방송인),17,116,25,9,3,44,10
392,369랑께,/channel/UCVjAW_GXsPAbXKKEJYPBs0g,369랑께,29,36,81,5,4,28,5
393,개리유튜브,/channel/UCN8nXvaYJSqeD0wlwsVq2kQ,개리(인터넷 방송인),24,77,45,22,6,53,7
394,장파Jang Pa,/channel/UC8vlKcN5OpklBkb-Q2xGGjA,장파(인터넷 방송인),8,55,37,4,2,36,7
395,롤큐이슈 LOLQissue,/channel/UCyqwhqket92QYbSALAV7oXQ,롤큐,23,30,35,9,9,14,14
396,해봄,/channel/UCL9oC0YZRwuyudZqUrgKw9w,해봄,6,60,15,5,2,26,9
397,나무늘보,/channel/UCXAXCxTCCYYKsLJNzEvjqfw,나무늘보,23,39,39,11,5,26,19
398,지존조세,/channel/UCQOL6_MBCFXr3M9OTmwl9pg,지존조세,39,63,82,13,13,59,25
399,애덕 유튜브,/channel/UCSCogaMMoxrDe43Cx_kB9cQ,애덕,9,51,25,11,1,30,13
400,JeongWon Entertainment,/channel/UCu07k1hkdNzxLR2uc2-nYVQ,원철,0,0,0,0,0,0,0
401,오하빵 ohhabbang,/channel/UCnPJ_Jcl-dwFuGgqhavB8oA,오하영,0,0,0,0,0,0,0
402,찌훈,/channel/UCzlnXVYyIG38fUrMBGOpc3w,찌훈,0,0,0,0,0,0,0
403,더헬TheHell,/channel/UCRTRG3sr8my7ONpSQNruU2A,더헬,0,0,0,0,0,0,0
404,Gong re,/channel/UCl6gx0iQ-VvwhJu0r1FndTQ,Re:Re:,0,0,0,0,0,0,0
405,급식게임즈,/channel/UCCWHOI_Xth7mINE98Nprz6A,급식왕 & 급식걸즈,0,0,0,0,0,0,0
406,쿠키런,/channel/UCr-Eaw_CBpAqKHbzV_GidQQ,쿠키런/쿠키,0,0,0,0,0,0,0
407,쪼낙 JJONAK,/channel/UCeq0Nrch5KY3VrZyn_BB32g,방성현,0,0,0,0,0,0,0
408,제동TV[ JaeDongTV ] 이제동,/channel/UCOp9K7CjksKsve6CkNPzUWg,이제동,0,0,0,0,0,0,0
409,모마님,/channel/UCouZRGq24QaCvFlslu9uD9w,모마님,0,0,0,0,0,0,0
410,Yh Ha Figure maker,/channel/UCSsdK8cdN9hn3FS0mTf8iFA,YH 사건,0,0,0,0,0,0,0
411,HOWCOW uuu,/channel/UCInT34AJQaNyQ1V1PTEpv7w,HOWCOW uuu,0,0,0,0,0,0,0
412,Roblox - 한국,/channel/UCXM-GWvgXxj8V_Q_o1B4zyQ,Roblox - 한국,0,0,0,0,0,0,0
413,원창연 WonChangYeon,/channel/UC1FK8EsrPHHVOvrDvctqpbQ,원창연,0,0,0,0,0,0,0
414,Youtube고차비,/channel/UCjZy8afeI-58sPLgJIOmecg,고차비,0,0,0,0,0,0,0
415,개인팟,/channel/UCIBoeAMqlic3emU6_crV9Vw,개인팟,0,0,0,0,0,0,0
416,AfreecaTV eSports,/channel/UCK5eBtuoj_HkdXKHNmBLAXg,Afreeca Freecs/리그 오브 레전드,0,0,0,0,0,0,0
417,최고기 ENTJ,/channel/UCZgI5WTYh_1LWNexiHNH7QQ,ENTJ,0,0,0,0,0,0,0
418,왓구홍길동,/channel/UC9aktiWNGpSJKLshflga5yw,왓구홍길동,0,0,0,0,0,0,0
419,쿠리파파 스튜디오KooriPapa Studios,/channel/UCvjevfcEcO4JXSe3SgMYbGA,쿠리(유튜버),0,0,0,0,0,0,0
420,쌍튜브,/channel/UCvG7coejM6UD_rOnuDdIoFw,쌍베,0,0,0,0,0,0,0
421,Mulpan,/channel/UCDBg2guHN1JanH7QP7i2dQQ,Mulpan,0,0,0,0,0,0,0
422,안산저격수 ANS,/channel/UC7g2JNSc0SefzMTyc--Nn4w,이선창,0,0,0,0,0,0,0
423,다다토이 DADA Toy,/channel/UC4pIb-g1hjtWK6T98UqeQkQ,다다스튜디오 DADA Studio,0,0,0,0,0,0,0
424,수진이,/channel/UCmu_ekYHVR0vjmpyQZp8YwA,수진이,0,0,0,0,0,0,0
425,넥슨 YouTube,/channel/UCZcyI32yv57Zz0Y8-Nr1V9A,넥슨,0,0,0,0,0,0,0
426,임준하,/channel/UC0iAObTgKlFipjqApv0nJlw,임준하,0,0,0,0,0,0,0
427,배틀그라운드 ? PLAYERUNKNOWN'S BATTLEGROUNDS,/channel/UCms8Ge7H1ZGgw6nV94fUhUQ,PLAYERUNKNOWN'S BATTLEGROUNDS,0,0,0,0,0,0,0
428,CheritzTeam,/channel/UClcACsSYAi97Ka_QxX72JAA,수상한 메신저,0,0,0,0,0,0,0
429,HAK,/channel/UCMjsi-Xrmyv9vlN-92QySvQ,hack,0,0,0,0,0,0,0
430,금사향,/channel/UC1eIASyCXzaeOuBbGOubI9g,금사향(인터넷 방송인),0,0,0,0,0,0,0
431,sum,/channel/UCQknKKnwlpzDS7bjMULUjcg,sum,0,0,0,0,0,0,0
432,인벤,/channel/UCQePzo3_oRB-6RAzBioc6pg,인벤,0,0,0,0,0,0,0
433,Toon Tube,/channel/UCIJBt-DqtODaUKGKI5H01fg,배틀토이,0,0,0,0,0,0,0
434,마일드참치,/channel/UCtNQtlVDw79Sdxvm08Egk0w,마일드참치(유튜버),0,0,0,0,0,0,0
435,정리전문 [웃키키],/channel/UCn8P2mOrwb7BNMRviAFg6DQ,정리전문 [웃키키],0,0,0,0,0,0,0
436,배그TV,/channel/UCb7DiMpyCaKjMM04Eo2qyfw,재민TV,0,0,0,0,0,0,0
437,오버워치Player,/channel/UCeZZ5LAX3as-CPv-Bj3hPdQ,오버워치Player,0,0,0,0,0,0,0
438,킴스맨KIMSMAN INDUSTRY,/channel/UCixaWz4xXA_mJg8UhOZ6hkQ,킴스맨,0,0,0,0,0,0,0
439,MarioPartyGames,/channel/UCGGPa08De2KNGSaiPPokePA,,0,0,0,0,0,0,0
440,나나양,/channel/UC2z7Vj0qpcjIsAEHwOE1-NA,나나양,0,0,0,0,0,0,0
441,비엠TV,/channel/UC50HiPRDIXQMcB9orOdlbaQ,비엠(유튜버),0,0,0,0,0,0,0
442,연두의 일상채널,/channel/UCFRDmLQJItqvkfFFfuTGGVg,연두(인터넷 방송인),0,0,0,0,0,0,0
443,핸팝,/channel/UCfSy6hLYDteGVYb5h_Z2xkQ,핸팝,0,0,0,0,0,0,0
444,DRX,/channel/UC5WN-znPsJK0BbA8aHxZHWQ,DRX/리그 오브 레전드,0,0,0,0,0,0,0
445,탕카페TV,/channel/UCz1lALRICSdUzHRjJVVo9NQ,탕카페,0,0,0,0,0,0,0
446,김성룡 바둑랩,/channel/UCfA0tTDLNooBB0ymdoI5M7w,김성룡(바둑기사)/김성룡 바둑랩,0,0,0,0,0,0,0
447,새상놀이터,/channel/UCJ9Mk-2MwdoS_zMKgkdVUNw,새상놀이터,0,0,0,0,0,0,0
448,망개,/channel/UCNKam43W5s-LfRMKcd9Jg5Q,망개(인터넷 방송인),0,0,0,0,0,0,0
449,하지니지,/channel/UCFIUgqzzNjCvarzIqCE89cA,Nizi Project,0,0,0,0,0,0,0
450,PlayersCUT,/channel/UCD4_2dTl0ORuzuv75tDom_g,김혜성(성우),0,0,0,0,0,0,0
451,LookSam,/channel/UCQLfdihF1WwbuVcgJq6x6Iw,김진효,0,0,0,0,0,0,0
452,TV벵골,/channel/UC4gnNZCL8d6Eq2lLNqk5aSg,TV벵골,0,0,0,0,0,0,0
453,Yoorop,/channel/UCUJtmHHXN4BGT3zyE0o1j0Q,,0,0,0,0,0,0,0
454,조탁구TV,/channel/UC_5H4MxUOOtppCGjpVl3XPg,조탁구,0,0,0,0,0,0,0
455,BLIZZARDKOREA,/channel/UCEOoYEH7uLJ0Ux566Hy3XmQ,디아블로 이모탈,0,0,0,0,0,0,0
456,임아니,/channel/UCeHFCfPMbmQUuypVtXrpnTw,임아니,0,0,0,0,0,0,0
457,AliasMuse,/channel/UCiAK_U-vD5zcL8Bh9sberCw,AliasMuse,0,0,0,0,0,0,0
458,김도랜드,/channel/UC2_VPutZK0o_tG8ca_QrQRA,김도,0,0,0,0,0,0,0
459,부멘 Bumen,/channel/UC-97DBrSjf37Qu1cyVQ8X1A,부멘,0,0,0,0,0,0,0
460,아론 페이지,/channel/UCDbOXmGL7EkmOcnUb5Kki4A,아론 페이지,0,0,0,0,0,0,0
461,세드TV,/channel/UCMo4MnhHhSDkiUIXS6dytTQ,세드TV,0,0,0,0,0,0,0
462,마루에몽,/channel/UCLWXraxoi58otTHcWa9LZhQ,마루에몽,0,0,0,0,0,0,0
463,ShiningStar,/channel/UCde-B1KjFgIb9WGsSdT5wqQ,샤이닝 스타(애니메이션),0,0,0,0,0,0,0
464,철구 풀영상,/channel/UCPuQ0kaW-TX_2LgrEEUl7qQ,철구(인터넷 방송인),0,0,0,0,0,0,0
465,코시TV,/channel/UC7uEw7E1-NBpJwE5L2Amoyg,코시(인터넷 방송인),0,0,0,0,0,0,0
466,심킹,/channel/UCDYdwDXhbVZXkdV6kZn-0IQ,플루톤(원피스),0,0,0,0,0,0,0
467,하얀귤,/channel/UCLXSj8Q2mnL2XbBgRdTPiMQ,하얀귤,0,0,0,0,0,0,0
468,모잉_,/channel/UCHzre37UF4o64HRhp-7CDzQ,모잉,0,0,0,0,0,0,0
469,취한무드등,/channel/UCxM_h0LDzNU0XVD8YWCb17A,취한무드등,0,0,0,0,0,0,0
470,뽀박사 뽀쪽 Dr Joon,/channel/UC0hI0RUHrjCCskDMnMBnzFQ,뽀쪽뽀쪽,0,0,0,0,0,0,0
471,앤새ANDSADLY,/channel/UCZQvXBMUT7ZMM5i9w9ZFp_Q,앤새ANDSADLY,0,0,0,0,0,0,0
472,뉴리키,/channel/UCtsaNMRUmgwxMSb7xdpzALA,뉴리키,0,0,0,0,0,0,0
473,아구이뽀 A924,/channel/UCEn8UcA-PNu5ZKr6tZdJ4Kw,아구이뽀,0,0,0,0,0,0,0
474,라온스럽게 Be Like Raon Lee,/channel/UCJVsjpZqtve-SZ11U8jmH_g,이라온(유튜버),0,0,0,0,0,0,0
475,기가막힌사람,/channel/UC9V4iFRjgNUaPRPgvSgSlxA,기가막힌사람,0,0,0,0,0,0,0
476,오늘의 매드무비,/channel/UCcjFBc6EZ76yJarqU1AYuhA,매드 무비,0,0,0,0,0,0,0
477,Companytube,/channel/UCpmGKHhLg6QmdDg03Zds8Fg,,0,0,0,0,0,0,0
478,John James,/channel/UCs2QSZ8p8OjLUWUllNTpPZA,르브론 제임스,0,0,0,0,0,0,0
479,ㅇyㅇ,/channel/UCm6Y-gVqhlhX4FzrJCtsSzg,ㅇyㅇ,0,0,0,0,0,0,0
480,선비방송,/channel/UCIwrzpUgafk5ZD14BaSVdGQ,선비방송,0,0,0,0,0,0,0
481,무결의 VR게임,/channel/UCprxjd4bxAiNAxg947wvrmA,무결,0,0,0,0,0,0,0
482,SM TV [SeoMin TV],/channel/UC6k_2mRnYn8b-W-pKtBy85w,병신TV,0,0,0,0,0,0,0
483,Dmonk,/channel/UCvlZOzv_B0GD9VLqdsGWfcQ,디몽크,0,0,0,0,0,0,0
484,GameDO,/channel/UCnhZk0ebU5fm9oazpCtc_Sg,GameDO,0,0,0,0,0,0,0
485,허샘,/channel/UCnCeDIkExSpULGqmpj5oafg,허샘,0,0,0,0,0,0,0
486,신원리강아지,/channel/UCUKBryOxBtW7l9IRFfTyCXw,강아지,0,0,0,0,0,0,0
487,캐인유튜브,/channel/UC-8S20Ll1gzPiu_YY8BgyaQ,캐인,0,0,0,0,0,0,0
488,레지나Rezina,/channel/UCoGlmInGRIRoDg4NjAYv4-Q,레지나(유튜버),0,0,0,0,0,0,0
489,만득유튜브,/channel/UCLFaCqu7-o7NGqn_-uyKPBQ,만득(인터넷 방송인),0,0,0,0,0,0,0
490,무자비,/channel/UCPPuXI31ybWYB560T2uAeMg,무자비,0,0,0,0,0,0,0
491,김슬기 Seulgi KIM,/channel/UCsMjo3TqAQueM3LFWlsKnhw,김슬기,0,0,0,0,0,0,0
492,"포켓몬 공식 채널 Pok?mon Korea, Inc.",/channel/UCAhmOb9JWkI2HV_KIe9X_3A,포켓몬스터W,0,0,0,0,0,0,0
493,기뉴다GINEWDA,/channel/UCyJgLaAwEwGiLTl9ccd2haw,기뉴다,0,0,0,0,0,0,0
494,라넥갓,/channel/UC-Kk2qNHBsyyYy8kIIKMh8Q,라넥갓,0,0,0,0,0,0,0
495,ScuD?쁘르로세,/channel/UCs5Qp6yaCnsUGwqegqTEPKQ,쁘르로세,0,0,0,0,0,0,0
496,악시,/channel/UC58e7PIf49oMlDljMFPSy0w,악시,0,0,0,0,0,0,0
497,윤작까,/channel/UClA2xudL_XKm5HLY9yP8wyg,윤작까,0,0,0,0,0,0,0
498,우감독 [Director Woo],/channel/UCVbAEP8L2wR5dYvcWShwCsw,우감독,0,0,0,0,0,0,0
499,파크모,/channel/UCLdxLyuNHafN-1UlOs2BK8A,파크모,0,0,0,0,0,0,0
500,한국닌텐도 공식 채널,/channel/UCRCK5FCJtomQT3b88jXI_DA,한국닌텐도,0,0,0,0,0,0,0
501,타코리뷰,/channel/UCVes_P0Cc87L48_KvdyNX9w,타코리뷰,0,0,0,0,0,0,0
502,동호형,/channel/UCKr3S2aX4SyNkQTY-8UM86A,동호형,0,0,0,0,0,0,0
503,TV헤이스트,/channel/UCaiyyjmlyH70au7pzKE4jnQ,헤이스트TV,0,0,0,0,0,0,0
504,흑열전구,/channel/UC2IYsRiATGe71sLIOlSXGuw,흑열전구,0,0,0,0,0,0,0
505,미키스나,/channel/UCNday6XUUjYBs0fmjAmYTcg,미키스나,0,0,0,0,0,0,0
506,혜성,/channel/UCC1aXzKxN1P3WcpTh84-1OQ,혜성,0,0,0,0,0,0,0
507,시간의 숲,/channel/UCyfg0TBg4jwIqnX3uNADnhg,시간의 숲,0,0,0,0,0,0,0
508,핫도규 HOTDOGYU,/channel/UCHvz6pwNdtkhukP6oPOOnQg,핫도그,0,0,0,0,0,0,0
509,현솔,/channel/UCEWkdaR_6g6giiy8_vI6fmw,현솔,0,0,0,0,0,0,0
510,Dobby도비,/channel/UCvejyifMonPNXGLX-QFmYyw,도비,0,0,0,0,0,0,0
511,Bubsa Gaming,/channel/UCrBuJMx9qmXmxvQrmeI-TPA,TUBEPLE Gaming,0,0,0,0,0,0,0
512,Bung Korea,/channel/UCjFTY4_BJ4prXVmFow9x93g,Confinement,0,0,0,0,0,0,0
513,메이플스토리맑음,/channel/UC1dHu9GhbHH7RcHKyJdaOvA,맑음(유튜버),0,0,0,0,0,0,0
514,CAMAN카맨,/channel/UC3Md9z1EkkGs8htNkRG3Vew,카맨,0,0,0,0,0,0,0
515,한자,/channel/UCk5C4AR3uvmKwZYkIlSobbg,한자,0,0,0,0,0,0,0
516,쥐늑대 유튜브,/channel/UCugJ9oXLc7a_6B0yyCHdpSA,쥐늑대,0,0,0,0,0,0,0
517,긍정인,/channel/UCAm0pQmaq6dTcH2-qL6RQjQ,이중대,0,0,0,0,0,0,0
518,준밧드,/channel/UCDWlQ2AcGlcckdefjtF0goQ,준밧드,0,0,0,0,0,0,0
519,안내메시지,/channel/UCMswODzU1ZjjrLyUk7NfwPA,안내메시지,0,0,0,0,0,0,0
520,신용인의 게임채널,/channel/UCDrdTV9TcDx9-znGQAy6lzQ,신용인의 게임채널,0,0,0,0,0,0,0
521,서농,/channel/UC9nWnAJQDNBkJ_JlbKS-7VA,서농,0,0,0,0,0,0,0
522,병병병,/channel/UCLtZE7A3iN-oysHf5_vJYBA,병병병,0,0,0,0,0,0,0
523,표커,/channel/UCdF0eCyf5np3lPO4y1fJVdw,표커,0,0,0,0,0,0,0
524,저펄이,/channel/UCWMK0idJDBqwpueUiEXStCQ,저스트펄슨,0,0,0,0,0,0,0
525,THE SHY,/channel/UCT2iciPfSx1DmcYaf1MAFiA,강승록,0,0,0,0,0,0,0
526,엔씨소프트,/channel/UCbiqc9mdIz3XEH6LG5nCeMg,엔씨소프트,0,0,0,0,0,0,0
527,고뇌 [Gotube],/channel/UCfiarPVYi8ei4vZntToFYGg,고뇌(인터넷 방송인),0,0,0,0,0,0,0
528,Sky Nerf Guns,/channel/UCUJv3d2xXUDVhyKJ6BhzPGw,너프(장난감),0,0,0,0,0,0,0
529,입만산_김루윈,/channel/UCeRn_02zEifLqXxZkTpiXzA,이형주,0,0,0,0,0,0,0
530,안녕수야,/channel/UCm5suozTR8bN1o_5xRf9JrQ,안녕수야,0,0,0,0,0,0,0
531,괴물쥐팬OFFICIAL,/channel/UCz7gPLMK3PAXBTIEavZIXEg,괴물쥐,0,0,0,0,0,0,0
532,앵지,/channel/UC6jny3KnjnPLtSWYbrTqAtA,앵지,0,0,0,0,0,0,0
533,안기효TV,/channel/UCYG8tuvbQzWsDeoADyJFU8Q,안기효,0,0,0,0,0,0,0
534,우에하라아리,/channel/UC0EWVkB5mmeJ8z61rJWQTPg,우에하라아리,0,0,0,0,0,0,0
535,OVTV - 오비티비,/channel/UCcfuatJAWBygJ5Y3uPxTZsg,OVTV - 오비티비,0,0,0,0,0,0,0
536,이클리피아,/channel/UCRZURXN2vyCYzB9eYbSKQiw,이클리피아,0,0,0,0,0,0,0
537,하지,/channel/UCRmG4YBJMlBiH4rt8g2vNPw,하지,0,0,0,0,0,0,0
538,HAMA JUN,/channel/UCuWFQc0UEyNbT8v-pX83MjQ,HAMA JUN,0,0,0,0,0,0,0
539,불도그,/channel/UCBjPppB6FOLloYBUvgbqE_A,불도그,0,0,0,0,0,0,0
540,힙합가이,/channel/UC4ZsaUtdPtivLNNI5kozlDQ,가오가이,0,0,0,0,0,0,0
541,라간유튜브,/channel/UCqJB7rKizLzFYy2t_2rGahw,임경현,0,0,0,0,0,0,0
542,이중선,/channel/UCw7FqLmYfW-nAVhEd_grcZg,이중선,0,0,0,0,0,0,0
543,건곤,/channel/UCfO-Z1ZCFn9DF5217ZySjfw,건곤,0,0,0,0,0,0,0
544,유튜브박사장,/channel/UCqbx_XBQEA80FHsnLQOKXrw,박사장,0,0,0,0,0,0,0
545,Mihaya Gaming,/channel/UC5LL5w510Njr8heGeue1sEA,mihaya,0,0,0,0,0,0,0
546,Racing Park,/channel/UCAPVYRwD-6yYx85oqgFnqCw,CarX Drift Racing,0,0,0,0,0,0,0
547,라이언티,/channel/UChGrYmp0PTFef-XOjueNH6w,더빙레이디,0,0,0,0,0,0,0
548,나미춘 choontube,/channel/UCfUnRLITvC9bNpShAEIIhMA,윤태진,0,0,0,0,0,0,0
549,서봄,/channel/UCkQWAIUktzea2l8xT1GyVSg,서봄(유튜버),0,0,0,0,0,0,0
550,수닝유튜브,/channel/UC4i0dvptG3PokPjMx6r1zNQ,수닝,0,0,0,0,0,0,0
551,캡틴김수호,/channel/UCYaFxuv97e0qSx1MU9FvhGg,캡틴김수호,0,0,0,0,0,0,0
552,겜블비,/channel/UCGHtLohOnwNBhuJnPTjNo8g,더블비,0,0,0,0,0,0,0
553,게임저장소,/channel/UC4pUn2_URkvOvObfNcyvRzw,게임저장소,0,0,0,0,0,0,0
554,김호랭,/channel/UCZo3yJ0wjksu7AZAjPMCgbA,김호랭,0,0,0,0,0,0,0
555,김진우,/channel/UCweizAaKFQrSEYnleVOZqTA,지누(인터넷 방송인),0,0,0,0,0,0,0
556,리버스,/channel/UCFBGBsvOMA2gbxmnxgotsmw,리버스,0,0,0,0,0,0,0
557,플러리 Flurry,/channel/UCdZGwKwvi_i5BLvFzCj4FXw,조현수,0,0,0,0,0,0,0
558,웃소 게임즈,/channel/UCRMX7IWlG7Hqna2gDhGan_g,웃소,0,0,0,0,0,0,0
559,백설양,/channel/UCQPPzb7y4aJz6VV1F3v066g,백설양,0,0,0,0,0,0,0
560,TV효근,/channel/UCG8FY3eGM47TVmv8x5ZhA7A,효근,0,0,0,0,0,0,0
561,레고장인 채소골렘,/channel/UCYGtilUot-VLx6F-ubjg24Q,채소골렘,0,0,0,0,0,0,0
562,목츄리,/channel/UCzoX_XRk4Pd5thE2k59c2pw,Chu의 목츄리,0,0,0,0,0,0,0
563,강교생 KCS,/channel/UCF90fBrj4HP9VpdwGiQkrmQ,강교생,0,0,0,0,0,0,0
564,지수소녀 유튜브,/channel/UChzIscohei65H-7T-Pztaww,지수소녀,0,0,0,0,0,0,0
565,감블러,/channel/UCgmQJAJuiddthVUfJmWxltA,감블러,0,0,0,0,0,0,0
566,파닭Padalg,/channel/UCyGe1k6hJ-t7ZlYfYSmPdag,파닭,0,0,0,0,0,0,0
567,하솜,/channel/UC7xJ1J2TD7JwYlyL4RkBWmw,하솜,0,0,0,0,0,0,0
568,Baby HAPUM,/channel/UCs8zXRDTNzCdaNCioaENt5g,Baby HAPUM,0,0,0,0,0,0,0
569,에스카,/channel/UCoIoRtXGGPCaOE0qQHKXjvw,김인재,0,0,0,0,0,0,0
570,혁구,/channel/UC2HEQnILETT1x7V9iW3H1Kw,혁구,0,0,0,0,0,0,0
571,조디악,/channel/UC1b5zAyQWKa9KkIzC4wol0Q,조디악,0,0,0,0,0,0,0
572,스타크래프트,/channel/UClWPSY-fuGOIldrlUTqoEag,스타크래프트,0,0,0,0,0,0,0
573,배룡 TV,/channel/UCLstY59V0mohZmcSGd33cPw,배룡,0,0,0,0,0,0,0
574,곽민선,/channel/UCk0BKqdh8W4FR2eRTZ5Uoug,곽민선,0,0,0,0,0,0,0
575,레알이,/channel/UCpUMkvvodRfGDkVN27lFe3Q,레알이,0,0,0,0,0,0,0
576,Yellow character gameplay,/channel/UCymWBXiV4f_N-_xPgwmpEQA,Piggy(Book1),0,0,0,0,0,0,0
577,노력왕먼치,/channel/UCQfISxq5legTqOt1h1us6lg,노력왕먼치,0,0,0,0,0,0,0
578,임요환,/channel/UCbGzoa8xSdjr-B3UdI06yPA,임요환,0,0,0,0,0,0,0
579,가재맨,/channel/UCnkytUgy0CtWd06up9CjNxg,가재맨,0,0,0,0,0,0,0
580,김채호의 필름찢기,/channel/UCNbUh4ETUOSNq0HMMVjhieQ,김채호의 필름찢기,0,0,0,0,0,0,0
581,제독신ParkJunHyo,/channel/UCqpW5qIRfLkgnYtpe59Fapw,박준효,0,0,0,0,0,0,0
582,얍얍,/channel/UCnb4EuP3C0dxeika3b-bnXA,얍얍,0,0,0,0,0,0,0
583,주간신보석,/channel/UCY5Xbo2lSFqdDQGZJTXfFZA,원창연,0,0,0,0,0,0,0
584,YESOON,/channel/UCQEvlqmTcqU6SbjNhsft2wg,예순(유튜버),0,0,0,0,0,0,0
585,코뚱잉,/channel/UC4q2QOe3Ht73lVO-31JnkQQ,코뚱잉,0,0,0,0,0,0,0
586,게임넛 GAMENUT,/channel/UCMru5gvumXqykoro-yDwQCw,게임넛,0,0,0,0,0,0,0
587,성주로운 게임생활,/channel/UCfo5uQjcvpD7M3V29pgINnA,양띵/대규모 콘텐츠,0,0,0,0,0,0,0
588,이문주,/channel/UCfdLDnGcRM3okEOtocWNHuQ,이문주,0,0,0,0,0,0,0
589,주보리 JooBoRi,/channel/UCRkwhAO2CKNXPcFXAMfn0ng,주보리,0,0,0,0,0,0,0
590,설레임 TV,/channel/UC-sn1taSI0CEWg8n4M7WDMQ,설레임 에디션,0,0,0,0,0,0,0
591,플이,/channel/UCMmlqTsmThrRulFDlyhIUsw,플이,0,0,0,0,0,0,0
592,코지CoZy,/channel/UC7bDvA98eXIUiLMwXPfdF2Q,코지(동음이의어),0,0,0,0,0,0,0
593,LEE&lee리앤리,/channel/UCaxgabcQh_tiPIcZfOS8zXg,,0,0,0,0,0,0,0
594,OCK CLAY,/channel/UCBdRqVCFEAuJnfnHTW3RMPQ,아이언(가수),0,0,0,0,0,0,0
595,수학자,/channel/UC7Mc5ssSVpWzqH9mlRGEEAg,수학자,0,0,0,0,0,0,0
596,싸패TV,/channel/UCfycsfXKilVd-EBL9VC8RGA,싸패,0,0,0,0,0,0,0
597,Sun,/channel/UCCILo-Qu-OMAb1zpzDa6B3A,SUN,0,0,0,0,0,0,0
598,도멘TV [DOTUBE],/channel/UCFHUplScMiWTjJrtv4hxWmg,도재욱,0,0,0,0,0,0,0
599,에프람,/channel/UCVgTydj9KUfDm_qmXPtx0FA,김주호(프로게이머),0,0,0,0,0,0,0
600,금융인 강은호,/channel/UC9pCNmC-Ovq2sRfHIwLDuIg,강은호,0,0,0,0,0,0,0
601,dragonvillage_official,/channel/UC6g-3ON3MpaiUuxBg25CZAg,드래곤빌리지,0,0,0,0,0,0,0
602,로자르TV,/channel/UCuwnt_REmD4YsCtFJRoqjFw,로자르,0,0,0,0,0,0,0
603,고래쉬,/channel/UCCWcDTQwUzYxxQNxP17F-Rw,고래쉬,0,0,0,0,0,0,0
604,신성조,/channel/UCNCZoEdHHuF76DZ78IBJvlQ,신성조,0,0,0,0,0,0,0
605,새루 유튜브/SaeRu YouTube,/channel/UCzZepWSPs2VCpCirB3zGgtw,새루,0,0,0,0,0,0,0
606,BJ섭이 FIFA4 S2 Korea,/channel/UCKd2rI7xVJm86kav7okWC6A,김승섭(프로게이머),0,0,0,0,0,0,0
607,랑께님,/channel/UCkye8NKh9-zmsi466P_stcA,랑께님,0,0,0,0,0,0,0
608,요루루유튜브,/channel/UCXCa03lRK6tlntZoJ7TUWRw,요루루,0,0,0,0,0,0,0
609,다누리,/channel/UCtcw3t27H9qFwcdAujrDEyQ,다누리,0,0,0,0,0,0,0
610,연두부 YouTube,/channel/UCmOmhm_p0UEwcPkAmotX8RQ,연두부(인터넷 방송인),0,0,0,0,0,0,0
611,MGTV,/channel/UCKymUugOQ8dkT7dZ4KmK_3g,후난 방송영상 그룹,0,0,0,0,0,0,0
612,살타 Salta,/channel/UCsbo5VemDR505Etd5ZKnWNA,살타,0,0,0,0,0,0,0
613,YunMot,/channel/UCWtPonhrTEf25p9nONwBwYQ,,0,0,0,0,0,0,0
614,솜사탕,/channel/UClfxB3OFyNkolbCEXp-5v1w,솜사탕(유튜버),0,0,0,0,0,0,0
615,초승달,/channel/UCxx7UvIhPkEQxaplaWS2hLg,초승달(인터넷 방송인),0,0,0,0,0,0,0
616,신속,/channel/UC0hk2D145ogyBYMKjylWkkw,신속(인터넷 방송인),0,0,0,0,0,0,0
617,허블렛TV,/channel/UCJriMiQFo5023wkc2hWaiuA,허블렛,0,0,0,0,0,0,0
618,에어비스,/channel/UCXybGky1c_63xzXFzI0eU8A,에어비스,0,0,0,0,0,0,0
619,Nizzotch,/channel/UC3XJRyvLD7rvsVFCFS1IX0A,,0,0,0,0,0,0,0
620,MapleStory_KR,/channel/UCU_hKD03cUTCvnOJpEmKvCg,메이플스토리,0,0,0,0,0,0,0
621,김승희 KIMSEUNGHEE,/channel/UCPZkUGXQrWKqWFCfDMaZxhA,김승희(모델),0,0,0,0,0,0,0
622,나이스게임TV,/channel/UCVR8eG4I5Fies8NQFWF-KsA,나이스게임TV,0,0,0,0,0,0,0
623,만취한 오박사 Drunk Oak,/channel/UC0iFX-aClxo7TM6fE8K0duQ,만취한 오박사,0,0,0,0,0,0,0
624,라이너TV,/channel/UCqgRbodod44OjLp9tqpgkPw,라이너(인터넷 방송인),0,0,0,0,0,0,0
625,항심,/channel/UCX1s-RbSfskDNPnrwH3GvKQ,항심,0,0,0,0,0,0,0
626,주식회사 중계진,/channel/UCNymqCXr3sxL8dnmO_jScuA,이승원(게임 해설가),0,0,0,0,0,0,0
627,카오,/channel/UCXkY64Z4UW9XEluhplCJafQ,카오(유튜버),0,0,0,0,0,0,0
628,中譯版今日韓服精華,/channel/UCLrMXBAgIPbOPR0h_6xWVrA,나무위키,0,0,0,0,0,0,0
629,Play with Toy,/channel/UChvR-r6dtgPkXhY4rvPgq2A,배틀토이,0,0,0,0,0,0,0
630,프로즈,/channel/UCww3MeqGQnIatVvEr3pSjhA,프로즈(유튜버),0,0,0,0,0,0,0
631,ROBLOX 해달선,/channel/UCwqLV5Xndjm4Wztk-c7IMjQ,해달선,0,0,0,0,0,0,0
632,김기열,/channel/UCf8xJL-CznwfW7W2LO3y_EQ,김기열,0,0,0,0,0,0,0
633,사이,/channel/UCqEoc6yuYRg5CFG4NIG8euQ,사이,0,0,0,0,0,0,0
634,닼발DACKBAL,/channel/UCQIx6hvYi2eurTCAum1HNyQ,닼발,0,0,0,0,0,0,0
635,축덕,/channel/UCj1Q64mwSIbGSJXZjhuAnLQ,축덕,0,0,0,0,0,0,0
636,Polypuff,/channel/UC0aFOAetT4Hur0qmOnmmbBA,,0,0,0,0,0,0,0
637,정윤종,/channel/UCGyIKWpa4cbKJQIc2hNmVJA,정윤종,0,0,0,0,0,0,0
638,코태(Kotae),/channel/UCJFkH0p-M4_WEaHvLqWnkIg,,0,0,0,0,0,0,0
639,LinkTrader,/channel/UC8JzTlzwWkbyQuXaYDb00nA,,0,0,0,0,0,0,0
640,눈가루,/channel/UCAXuZuWLv9oLq6SEXnOppNA,눈가루TV,0,0,0,0,0,0,0
