,name,youtube_code,혐오,행복,중립,슬픔,분노,놀람,공포
0,League of Legends - Korea,/channel/UCooLkG0FfrkPBQsSuC95L6w,139,268,210,63,43,175,64
1,썩쏘TV,/channel/UCp77saYy1V_F3dld7GfJrcg,128,259,205,41,44,89,44
2,T1,/channel/UCJprx3bX49vNl6Bcw01Cwfg,123,273,181,30,32,113,40
3,김짱돌,/channel/UCsi8xzlmARKDK_ItRW8imyg,112,301,151,79,29,157,49
4,꿀탱탱,/channel/UCAJAJ9bAvfjFLRrsqeumJIA,109,284,154,27,43,138,59
5,Official Dopa,/channel/UCt15X5eHLwyP8PpNtQTkuDQ,108,186,217,29,27,139,50
6,침착맨,/channel/UCUj6rrhMTR9pipbAWBAMvUQ,105,164,137,29,23,139,40
7,김왼팔,/channel/UCPI40-XQA9-GBGj2k8PPqfg,102,285,148,38,26,236,83
8,이태준,/channel/UC5gp0nGTdJ56YKzI40v0cRg,101,278,139,20,23,153,38
9,프레이 TV,/channel/UCSzHok6X5qXEO7cjvVnE62g,99,241,191,39,56,189,60
10,케인 TV,/channel/UC0aKwoKNeqBaUwiEXmkQaGQ,99,187,193,45,32,176,59
11,튜브김민교,/channel/UCBA9XaL5wCdHnC5EmEzwrqw,97,257,212,35,36,212,63
12,저라뎃 JUSTLIKETHAT,/channel/UC1dG3vI9FfHnH3YgyeKUz_A,94,225,198,45,47,143,52
13,수탉,/channel/UCw-JzmPsjRcbzJLncr4pIIA,92,296,179,52,28,199,82
14,감스트GAMST,/channel/UCbFzvzDu17eDZ3RIeaLRswQ,90,350,132,44,23,139,65
15,[꿀템TV] 클템 유튜브,/channel/UCvrxJgD0T_TFvgsO2nA-fDQ,90,266,136,48,46,116,57
16,텔론,/channel/UCl4nBkmJCDs6RR8uWldAqLA,89,241,157,38,35,179,43
17,핑맨,/channel/UConOmISJY0oZHRhWGyvdQ2A,88,359,118,33,16,186,47
18,꽃핀,/channel/UC2MgNh831KCMuYkK7u8C2dg,88,271,171,35,20,164,64
19,김성회의 G식백과,/channel/UCZ0bi2aVJngKLwFTU5g_fLQ,86,220,164,24,22,166,54
20,김레인,/channel/UCj9LQu5-mfrf6imcyrnZfug,86,185,134,29,22,125,24
21,아빠킹,/channel/UChfs1dQ5phBDBWZJ1hHLbUA,86,231,129,26,37,154,42
22,롤박사 해도리,/channel/UCCMQyaKDjQJY79VimTdaYYQ,85,190,146,15,32,155,50
23,푸린,/channel/UC7bcRlidTERRb_MKRHPVSnw,85,261,126,35,29,181,77
24,해물파전TV,/channel/UCqIwPYLfMd3EoWYwvyTjPnA,84,291,112,38,29,73,26
25,사모장,/channel/UC4XjKgCtpwpACzUCiUKOd3Q,84,242,196,24,46,142,61
26,혜안,/channel/UC8CIM3d3zDYMk-3T5aAz0yw,83,253,84,39,20,109,37
27,압둘알리과로사,/channel/UC31ypOxFsuU3Q0OFpQzcQ3g,83,315,165,34,27,196,74
28,투보,/channel/UCTSaxXnhUcrhv984bVpDr6Q,83,282,169,39,30,189,69
29,YOU TUBE공갈,/channel/UCJ7PxHj3J_YeH1N2spjR6NQ,83,259,156,55,44,115,62
30,김리븐,/channel/UCgySwATr_UPiGqrwfRo6_ag,83,316,161,42,26,181,55
31,GreatMoonAroma 대월향,/channel/UCWL_9MaaMy8ObTDPmVHemjA,82,179,284,18,34,197,63
32,각폭 YouTube,/channel/UCutaHUD-Oos2EBNNEwd4QQg,82,363,191,48,24,171,41
33,괴물쥐 유튜브,/channel/UCDBAVzfX3yZ1hah0FHnOoaA,81,210,111,23,19,122,36
34,LCK,/channel/UCw1DsweY9b2AKGjV4kGJP1A,81,196,207,28,20,161,41
35,유소나,/channel/UCxeWKVovE_mKNRCwAlpL87A,80,381,187,39,12,166,47
36,재민TV,/channel/UCfnMSbA2Bfi4cnuuN2pa0HA,80,349,121,48,24,143,42
37,뜨뜨뜨뜨,/channel/UCHxKSivB6JLZ1SEMdxd1fAg,79,193,99,26,20,143,28
38,코아 TV,/channel/UCdmPH-DTjL52x5K3lRvHYQw,79,318,147,44,10,174,64
39,앰비션 유튜브 [AMTUBE],/channel/UCHYMpkGhNIr8A0m2H3lIjUA,78,262,177,39,18,115,43
40,힘쎈너구리,/channel/UCADf92tisOOh90hrZee4-LA,78,227,138,41,26,225,62
41,오버워치,/channel/UC-2wa6jvprl7hfCpvw0ULzg,77,315,157,48,22,146,48
42,왈도쿤,/channel/UC-S8JFhLkQ5enhB70c2CYIw,77,224,177,53,25,235,66
43,모아요,/channel/UCtJpqaQ0XAmX5uYZ48crOdQ,76,190,184,34,19,147,43
44,카운터,/channel/UCN5Z4EkujWOl7UMbc4J-3Cw,74,278,229,67,25,184,92
45,팡이요,/channel/UCUR5w0E-jQTOO8Q0FZ4ilYQ,73,289,152,35,32,181,46
46,문호준,/channel/UCeivPjjK9-cdj8-gw4-7JRg,72,218,172,35,23,171,43
47,프로관전러 P.S,/channel/UCqI5lyTpC79pOy2D-VXAMdA,72,115,165,28,26,116,65
48,형독방송,/channel/UCJDEss5wA1ddrCBC40giO8A,71,301,171,75,24,170,65
49,스간TV,/channel/UCK1B7KLih3kE1Iy0SCBDzkQ,71,292,161,101,33,148,59
50,옥냥이 RoofTopCAT,/channel/UCcdlIcleb4oIK6of1ugSJ7w,70,170,145,45,36,136,36
51,배틀그라운드 모바일 - PUBG MOBILE,/channel/UCXVVG5ZM3SJJCh94xatR8Dg,70,164,197,52,40,81,66
52,메탈킴,/channel/UCOaUB8RzbLXB7QZtCmMO-8A,70,196,223,44,40,183,59
53,마재TV,/channel/UC7uKMg7lPdCp4Nm1tLesihQ,69,206,217,38,29,148,67
54,유키 YOUKI,/channel/UCidO_j4TWaTvUiid2WffuqA,69,144,242,21,40,157,67
55,개구릿대,/channel/UCR0aLp4aIvxS07g6rGWZr_g,68,299,113,59,19,141,53
56,브론즈연합회,/channel/UC-39bqpwYeoyvm2qHfAhHiA,68,387,104,25,32,218,59
57,악어 유튜브,/channel/UCQJuZxeDv2P05YHcC-tIEVQ,67,255,90,23,15,122,29
58,유정호tv,/channel/UCWCKqaOsUJ0OzjC01ATQmPA,64,181,102,37,20,77,39
59,머독방송,/channel/UC-Zedn7a_RJyb5hUQ-aGZog,64,167,139,6,23,150,41
60,강한달,/channel/UCIqg17JWrhmYT--KZbHk3HA,136,134,130,34,45,160,56
61,마플 마인크래프트 채널,/channel/UC1q4Ihlv_YhLELw-ijE0Diw,62,182,179,38,11,138,107
62,김계정,/channel/UCM9m5BHwm-lU7tK07co3ClA,62,278,147,33,24,143,61
63,Core-A Gaming,/channel/UCT7njg__VOy3n-SvXemDHvg,62,45,342,3,34,196,28
64,이석현,/channel/UCVZI7eLie2UlZph6aiBRNrw,61,252,128,52,20,138,40
65,TEAM UNIVERSE,/channel/UCDRtZhASdfRnyhae7s-UemA,61,300,160,39,22,196,57
66,킴성태TV,/channel/UCAaLhok91QDrweyuDRsmjqQ,122,320,126,23,27,138,26
67,울산큰고래 박성주,/channel/UCIchCOLwLBMD87quHlNuXjQ,60,308,152,30,23,156,46
68,삼식,/channel/UCMOOio1GZ50OeJT58DGBQCA,60,342,94,45,16,155,47
69,멋사유튜브,/channel/UCIhfL5TX-FODmWcX2k1uWHg,60,261,123,37,26,157,49
70,군림보,/channel/UCN5oT4zGJX-_H6pE5isAEeg,59,235,105,34,15,128,44
71,강 지,/channel/UCIVFv8AiQLqM9oLHTixrNYw,59,326,118,44,21,154,43
72,늪지대에서 생긴 일,/channel/UC2uID-rcbLMi3RxZmZtwSZg,59,226,135,75,19,125,44
73,Ras Apex,/channel/UCkiCNZ6c5Th3NpL2U8IhUWw,179,223,29,15,1,7,126
74,닥터파이어,/channel/UCUsrcN6Vtqr05ibbow_rnBw,58,300,142,59,21,215,39
75,만만,/channel/UCRY0vKmqFmQ4XCJomWMBf-w,142,102,136,31,45,78,52
76,연다,/channel/UCZcD2iYy55-SkEbv3tcMZrg,57,252,133,44,17,181,78
77,차도르,/channel/UCtj_00nn_viF6wJNeqgpEiA,93,134,165,28,27,136,68
78,야옹해 바바 Miaow baba,/channel/UClSuqiIAACDUJrH3gb4JcLQ,57,329,141,16,32,143,62
79,지컨,/channel/UC0z8bddfRBRBmEC-AjI6UXw,57,307,71,48,14,125,39
80,SANDBOX NETWORK (샌드박스 네트워크),/channel/UCCjR2EbSnsVKRVeTvPjVWIA,86,209,129,51,36,154,50
81,GCL 지씨엘,/channel/UCLuDznROytXtnMSDwo5aGJQ,56,163,118,25,15,131,55
82,퍼런안경_BLAS,/channel/UCSQkftbg2z4kz4NNBVs6CIQ,56,147,327,18,42,177,65
83,공룡,/channel/UCWf4QKgnTyvmehcRqw-JldQ,56,251,134,33,13,144,53
84,겜스트GAMEST,/channel/UChtdyqmH0yVFWTBJERP2PKg,56,342,177,44,28,129,41
85,릴카,/channel/UC48NSSfUBsmL0k0wKxSqRkw,55,196,105,28,12,101,29
86,돼지저금통,/channel/UCEVnzHZkNMG-XFUGomZ24cg,55,284,216,53,32,153,66
87,쌀튜브 Thal YouTube,/channel/UCoYFo-lRD3pchMUtsBcEbOA,54,113,114,22,26,106,26
88,잠뜰 TV,/channel/UCg7rkxrTnIhiHEpXY1ec9NA,53,394,128,48,13,130,74
89,하승진,/channel/UCINRJxfiq8pXfQm1EucWFfw,53,375,104,39,19,109,45
90,김재원의 즐거운 세상,/channel/UCta_NRwnsUaew0t3VNxBNyg,52,159,129,21,15,112,45
91,우왁굳의 게임방송,/channel/UCBkyj16n2snkRg1BAzpovXQ,52,235,94,31,11,115,40
92,임선비,/channel/UCC4QcwDnXG5poPg__kD4YmQ,52,411,131,14,14,136,57
93,테드TV,/channel/UC5pbeFWTPAUdKu65kBROsBg,51,223,222,33,23,158,52
94,LsCraft,/channel/UC4Qw1uE9kwUI4cCAx9HZtxw,50,28,241,1,30,97,57
95,양띵 유튜브,/channel/UCYooECrv-fIXlPaDwEIaveA,50,241,60,41,7,70,35
96,개리형,/channel/UCRpdlPk671uOMiBtf5HtB3Q,49,233,134,18,23,128,45
97,T1 Faker,/channel/UCpJw2H9KKqwCCGQKRh1Bf2w,48,259,110,24,14,149,30
98,이상호,/channel/UCfIUuMA7U_jImP7oWfTe4Pw,48,309,105,87,26,89,28
99,Partition Zion,/channel/UCn_9mH91rLWez9SZ6AdjfYg,47,35,337,7,49,225,87
100,뽁구BBokTV,/channel/UCO5bdxKgKczSpjFbfsGykmA,47,247,178,48,27,156,38
101,주둥이방송,/channel/UC9ta639M37zzWKwo7kKc80A,132,223,129,36,41,129,53
102,탬탬버린,/channel/UCCA8UWUW80iHqK9ymdjRwPg,46,143,101,20,10,115,59
103,헬로[HELLO],/channel/UCsR07Y3qMhf_oKxit4xLoHg,45,338,208,50,29,200,37
104,LOUD CAST,/channel/UCAI86CUHDIkKXGA6YpVBhYg,45,239,125,26,10,108,34
105,우주하마,/channel/UC2NFRq9s2neD_Ml0tPhNC2Q,44,186,81,15,11,82,42
106,악동 김블루,/channel/UCNzcxCN_Hh_lu5RCSFXKgGQ,43,219,125,33,9,122,38
107,만두민 ManDooMiN,/channel/UC3DYSay178fMMPaf3zHwECA,41,136,139,9,22,85,26
108,makeUmove,/channel/UCc0_4m8a-YtBHEcYwjEnbxw,41,128,267,14,41,174,45
109,밍모,/channel/UCgjaQlejpAnIu0q-xtVfTEw,41,339,164,57,13,144,53
110,이설 Leeseol,/channel/UCHqvLC2ilL2M4_SpoFiWtuQ,41,292,88,48,15,101,36
111,흑운장TV [BLACKTUBE],/channel/UCdtV_sB8WUWo-P_q3OwNfcw,92,233,160,26,29,149,43
112,꽃영,/channel/UC8rDleR669f72Sha9PQK11A,41,388,129,75,23,104,29
113,김뚜띠,/channel/UCTZPZo3xuW5k6RkhlVaJ0jQ,41,249,110,29,14,126,27
114,겜브링 GGAM BRING,/channel/UCSOeJWyByeoBHpmrm0NnlLw,40,212,97,38,14,97,39
115,풍월량,/channel/UCyHvSKT_bLDYpkv1JjjsLAg,40,309,108,15,14,104,33
116,Loud G,/channel/UCYP2aGg8h_9JHqNQBHNKp7w,109,226,161,51,22,153,57
117,피닉스박,/channel/UCZ6IM7_T-bCmr_7DgAKjYxg,57,147,102,24,23,75,25
118,신비아파트 공식채널 - The Haunted House,/channel/UCoHsxU1eDWHom6D7Fce6kLA,39,313,166,101,18,92,40
119,EA SPORTS TM FIFA 온라인 4,/channel/UC9otskL_kd-0CDib_5Lj-mQ,102,277,151,14,48,106,43
120,지존조세,/channel/UCQOL6_MBCFXr3M9OTmwl9pg,93,172,216,39,38,149,67
121,탁주 TV,/channel/UC7nVGqibbYgrzh733LDffNQ,38,391,184,52,13,148,53
122,범석TV,/channel/UCz1Gc37nWsdF_jbJ_SvMl4g,38,199,156,36,32,144,59
123,영래기,/channel/UCcvKf8NxAw9i09hZw1MQPBQ,56,79,118,27,25,66,31
124,묘송이MyosongE,/channel/UClWTMxooQefOLUV0TRcJ1Eg,38,221,82,45,13,128,50
125,눈언YT,/channel/UCt1dxdedblLX2PsSFFK0Hzw,37,67,161,9,21,91,57
126,각별,/channel/UCDrAR1OWC2MD4s0JLetN0MA,51,119,105,30,12,104,39
127,San E,/channel/UCrhgVHA_uAiT9BoGV9qRKvg,36,316,101,53,15,102,37
128,튜나,/channel/UCyi9eZCavFN5P6GQVokRiQg,137,138,170,60,33,120,58
129,따효니DDaHyoNi,/channel/UCFM_07Mxv6CglREk8qdkPaw,94,289,137,36,37,142,51
130,TV용느님,/channel/UCbHN1sTuPySKpnqKSp0JHRQ,111,253,141,42,36,99,31
131,Cowsep,/channel/UCgzC7SsCYSfGrVWoHQS5W8A,35,38,231,2,20,138,28
132,도티 TV,/channel/UChQ-VMvdGrYZxviQVMTJOHg,34,470,84,58,9,123,36
133,도현,/channel/UC-Pn1i_ot4qmG4l7wMZPvyw,94,265,118,39,25,159,46
134,펭귄몬스터,/channel/UCqcxF7BAF3GSz36Yx_0qGaQ,123,244,129,29,32,108,48
135,PAKA,/channel/UCJpAwvQaZyCI5spAz7tipGA,75,244,164,53,14,117,54
136,마뫄,/channel/UCgEo04TieA9BEmiDOhYQUGw,84,257,109,36,10,98,48
137,방앗간 비둘기,/channel/UC1MO5uem_t8lRgvIBF9u83w,75,156,183,34,24,114,56
138,학살 HAKSAL,/channel/UCF7IBIvHZ2be4Ufo8i0uHBw,54,151,83,25,17,70,15
139,박나나,/channel/UCS3_H_feQRm4QbXipKTvSrw,80,243,135,33,18,135,60
140,소풍왔니,/channel/UC5qsXOIsLbkEIP4DI7xWOlg,86,247,127,46,19,164,41
141,실프,/channel/UCWOPxkftlmCstC5drb9VM_A,81,281,154,34,11,143,44
142,쁘허,/channel/UCtCnnCUn9IDDQRU9_04JD3g,32,408,61,62,16,109,45
143,똘킹,/channel/UCnQRkIhRmXrxGrK4-8n-lVw,46,161,71,9,10,73,32
144,ryujehong,/channel/UCtt0Hg9MhraTkzWwNQpplHg,77,277,87,24,15,136,24
145,서넹,/channel/UCylzl5EMsHKCMeUe2TLKLKA,31,333,87,37,10,116,25
146,주키니TV,/channel/UCZ-UuK86Bk5sGzQQ2cEglJQ,91,320,125,28,10,126,45
147,요롬Yorom,/channel/UCqx0Xywhh72631omzTWNixA,31,336,155,64,59,145,42
148,삐라,/channel/UCw2zOqd6hXsny79qDki_Z4w,54,191,79,21,20,98,26
149,테스터훈 TesterHoon,/channel/UCUbOogiD-4PKDqaJfSOTC0g,30,199,84,11,10,112,19
150,램램TV,/channel/UCHdsNK3SJi7tI85f4XPy7zA,30,220,137,26,18,99,47
151,희바HEEBA,/channel/UCrLxiPkgUEEnItqryMFVG2g,30,315,156,89,16,127,54
152,눈꽃,/channel/UCnxOGZwppMFnMYS-eUJtwXw,30,242,76,66,11,73,22
153,초깨비의노래워치,/channel/UCZnrdNaOFqniv7qEEqQFvIg,30,346,131,52,21,130,44
154,표림,/channel/UCxbxK61xeFoymuxmi4ik73g,91,189,156,27,25,150,63
155,마인의 비하인드,/channel/UCzbLTaNlODXhvobAcTs4XRQ,73,184,181,68,22,182,76
156,소니쇼게임방송,/channel/UC141BuVRzSSXJX33Am9yxEA,61,180,70,19,7,80,21
157,잉여맨 유튜브,/channel/UCeG0ONJtjwE20ThR5iSYdsA,29,354,100,52,12,100,40
158,글자네 YouTube,/channel/UCb5NLtXAsTBrmaZVhyFa-Wg,105,257,142,34,32,161,45
159,HeopopGames 허팝게임,/channel/UCobtktl5cCEYuAKLSY0vc2w,29,259,178,56,24,118,53
160,양아지,/channel/UCmMxEFwIOMGGoThkmtZZOvQ,88,224,160,37,25,173,47
161,TV블루위키,/channel/UCQreDC73rqiw1wSc_ZYwgHA,61,184,213,33,10,186,70
162,엔마유튜브,/channel/UCF-rFAdN7dzd-SI2T3rkCaQ,41,142,120,13,17,114,25
163,코브,/channel/UCqFt6raBlXK-qJCWsTKW62A,93,148,181,27,23,190,71
164,369랑께,/channel/UCVjAW_GXsPAbXKKEJYPBs0g,105,122,311,27,16,96,29
165,휴지,/channel/UCj1dw4G9v09OLXIxiL_VUEA,28,167,112,51,15,105,38
166,Awesomepiece,/channel/UC8DE6aei0DOKa1s3PziV8Aw,93,210,132,45,14,108,85
167,찬이TV,/channel/UCt51IEo3ZxxOysVAG_ylR6w,27,221,73,44,15,97,31
168,랄로,/channel/UCD2YO_A_PVMgMDN9jpRrpVA,86,203,145,44,37,103,62
169,녹두로 월드,/channel/UC9vz3TBChrJmYbzUo-rqfSg,80,254,176,38,7,145,42
170,게임토리,/channel/UCA57VZoIKNqjaBjokHPZbtg,61,187,109,40,11,156,36
171,Wolf,/channel/UCYJ0Ucu9jPX5kn6SeDcNaIQ,74,211,171,40,20,134,41
172,전자오랏맨,/channel/UCkcaRxpTcisadUeCbHOYTFw,83,238,175,71,25,153,40
173,기리TV,/channel/UCEcuyrAqhRVUmRdOd6FGKSw,26,289,170,79,26,166,50
174,JUNE,/channel/UCL_IvtOZo6sONpiydbzzHpA,98,207,195,19,17,143,81
175,서새봄,/channel/UCYtNOIg99pgGcrE4Uo44OdQ,75,275,130,39,22,129,55
176,Draw Anything Animations,/channel/UC_ZYBT7vZOSyoyfeQraKCOw,38,58,206,6,34,119,50
177,고누리,/channel/UCs0P4GrXEumyYn-d8ASrGlA,60,224,80,27,14,102,32
178,장덕대 초심찾는 채널,/channel/UC75lZzaXiCn0EYTwg9MB5vg,25,155,80,22,16,95,29
179,성시훈 유튜브,/channel/UCQgu0whGhuJ2Hr8u6htgxxw,80,219,148,45,15,80,33
180,나는상윤,/channel/UCozuuEEitjQXtCzubNO0BGA,77,278,163,25,25,131,45
181,순당무,/channel/UCZW0yRW2HK7_fzgL9HQu9ZA,72,125,112,24,31,106,37
182,로이조 TV,/channel/UCLJs55bZWMsCBPekt3vssoQ,37,432,81,18,36,150,9
183,쫀득TV,/channel/UCmCNgLHdknmCdQelpwxQvvg,48,151,126,26,15,100,31
184,_헤징,/channel/UCj38fEefpih2o1aHH886Z1g,45,185,110,36,13,112,45
185,개리유튜브,/channel/UCN8nXvaYJSqeD0wlwsVq2kQ,72,265,146,76,18,163,32
186,루태TV,/channel/UCzPLwuw2vJgxtEQk2nM4TVg,34,136,113,18,10,105,48
187,보물창고,/channel/UCRwMczVQ8Jr8_8Dd8o7hPnQ,55,266,123,16,23,132,41
188,사과몽,/channel/UCjaoaH1tIwV6uLZHEmlQNdw,61,250,91,33,23,109,36
189,조우,/channel/UCpXnb06Y0uc6ewEf3WL4wDQ,71,271,221,44,20,172,61
190,홀릿 Youtube Holit,/channel/UCoH2pCzAr6zWDG-LtUiLWRw,52,277,147,48,19,179,68
191,롤큐이슈 LOLQissue,/channel/UCyqwhqket92QYbSALAV7oXQ,86,133,198,42,33,110,56
192,나무늘보,/channel/UCXAXCxTCCYYKsLJNzEvjqfw,63,189,183,46,22,153,56
193,박닝겐,/channel/UCtG4WVb1P38zdKG8HXP4scQ,45,121,279,19,18,121,31
194,Xbox,/channel/UCjBp_7RuDBUYbd1LegWEJ8g,22,17,321,0,57,185,42
195,태경 TV,/channel/UCEPuItFWOOJ2o5hTu65NlEg,22,298,70,45,5,91,28
196,바이준 BYJUN,/channel/UC3htcPlye6noa3pAgegT2AQ,77,216,203,55,31,141,42
197,타요튜브 [TAYOTUBE],/channel/UCBTsPtRCh6ln3IRQFjhjh1A,69,275,183,29,31,126,54
198,이녕,/channel/UCLoGhS_8p-G_pzrkfgMi9NA,65,179,129,56,23,104,46
199,살인마협회장,/channel/UCgWwo8FJL3MCxfd66ip7nFg,100,205,152,47,43,163,82
200,택신TV [BISUTUBE],/channel/UCBa9U1nh3fe2lBx3a0R0Skg,46,167,135,18,22,91,29
201,잡초,/channel/UCSWLx_GQlGADYipEyXF2Mxg,82,209,137,48,17,128,59
202,전쓰트의 게임 채널 Junsst,/channel/UCD8r5Jgns2V64-NcUmXclpg,78,261,212,63,42,143,53
203,왕군게임국,/channel/UCqONn4EbAYzIVEGAoQxmZUA,69,229,209,37,26,155,51
204,화틱,/channel/UC2b9TmgJ-jZt8ZAKF4DwIWg,101,107,178,40,40,122,74
205,디스 이즈 샤이,/channel/UCBo3r_IAd1EiFGe1x7GgTLw,75,242,203,41,28,152,67
206,삐부찡,/channel/UCWbbrLELoBRo-8KG1D9m4HQ,72,185,129,45,28,142,41
207,비누TV,/channel/UCbLispC1ydHSC_69kjZI6hw,50,183,163,23,26,104,46
208,미라클TV,/channel/UCLHwMFguUxHVSk91vzicEJw,50,292,110,23,12,162,51
209,나라카일,/channel/UCdMevbThDzHEbiqu0MhyfAQ,59,149,116,25,15,103,37
210,도애니 DO animation,/channel/UCqgxGebwwkoldbl3h7UoUiQ,47,124,137,37,19,167,40
211,[ALTUBE] 김성현TV,/channel/UCOTJtP0Z9DjpPU43B5m1V6A,54,142,116,33,22,105,31
212,아구 TV,/channel/UCAGUSx1hbPKDqzBZH7bTjiA,79,203,166,30,42,215,50
213,짬타수아,/channel/UCNoSlvimHmdOgtHOCNjj7ew,61,185,135,31,21,120,43
214,서든어택,/channel/UCMJhnmKJ6xwRIFL1ZFb9QrA,78,222,159,28,42,170,35
215,호진,/channel/UCZZEgBpbLP0ILVc4nGg39-w,74,233,161,22,28,105,27
216,진호,/channel/UCXZaTqDKXHmNfKZ1ywhxe0w,42,170,146,32,16,141,52
217,빅헤드,/channel/UCAJ-meoCh1TrPZ7La3UpPrw,83,293,190,44,23,182,64
218,빅민 GAME,/channel/UC2WbWQ3tQNeCRyXBsAeqWhw,72,206,257,35,17,113,43
219,윤루트,/channel/UCmJ4DkPFPzjR2TkJ7lXSQWw,29,138,107,31,13,95,38
220,김용녀,/channel/UCXmdpmRnf5WKMssvByY2Elg,47,236,138,38,19,182,58
221,민또TV,/channel/UCCW6uYIUP4YKKe50k-ktVAw,44,370,108,93,13,111,66
222,리타유튜브,/channel/UCzMAqDi4M4CrwMSi_EnnV4g,33,169,70,18,13,94,30
223,크로롱TV,/channel/UCr0oBV3TSWoHz7MX4atZ7vw,28,219,64,39,11,57,32
224,꾸몽,/channel/UCH29Gz8a6veRLqUxzjBXHrQ,50,213,189,30,9,153,77
225,퀸톨 TV,/channel/UCiwOunGuqfKjcLIBsteAAJQ,19,594,68,59,13,105,51
226,Clevr TV [클레버티비],/channel/UCnMBn-PNx1M9TLF0s-sEDeQ,19,525,48,81,3,67,27
227,두치와뿌꾸,/channel/UCl402YYy7RcH7PBI3npmGPQ,43,210,141,23,18,113,32
228,Project LOL,/channel/UC5WxymH7e2H_SGjJyvTb-iA,61,167,147,32,24,149,46
229,니얼굴윤겔라(geltube),/channel/UCMsjY8EfFZNul-_7DvWe6Aw,67,302,110,48,12,112,33
230,오린이,/channel/UCeVVzlUnjNMFy_DVTZqZ5ZA,40,187,69,31,14,98,37
231,해르시,/channel/UCwMzCpU05utIvYP7-tm08fA,45,261,131,27,13,149,32
232,이서니,/channel/UCcL8PoeJCC6DwAcKyzw_eQg,31,179,55,56,12,57,22
233,코렛트YouTube,/channel/UCvmHDocKuL6MVx1qRgqLV9g,51,124,86,18,18,102,27
234,캐릭온 TV,/channel/UCyn_E0ZE8RNOnYnF3lVaCOQ,18,271,48,92,4,53,41
235,집마 홀릭,/channel/UCmZeuRfHYowZhf6odtoaNdg,89,225,206,47,37,115,52
236,가이코GK,/channel/UCYWW_lthmN8cvuIaN0G9D6g,33,170,89,34,21,75,45
237,류으미,/channel/UCNeHPUKNUBmBMZy_rzHPzSw,93,138,187,30,29,210,71
238,더빙레이디,/channel/UCVPTh22MstSVobuvF7zQ3Sw,90,253,136,42,26,159,67
239,카이바군,/channel/UCDEOj33PPDR-Hw9RxdKfjpw,62,259,152,56,26,146,47
240,천양,/channel/UCXOLqHsi_mxJdTIqU7B6OmQ,52,129,95,8,33,84,27
241,EFFECT,/channel/UCcc3YwvoDF3LqfGZPZmCyhg,48,216,128,51,24,213,35
242,노란 단무지,/channel/UCLGFyHp-wUhKrmNJBWZg75A,51,155,118,39,25,117,60
243,청원이,/channel/UCCs1YZHxUTIbLZd-xrvvMCw,63,167,241,36,21,176,67
244,인피쉰,/channel/UC-okJdotaXPlzivRzHFqzuA,70,160,100,28,24,119,32
245,홍개,/channel/UCDkQMlfo7GvgvnrkPawW9tg,87,215,144,57,35,194,58
246,우왁굳의 풀업로두,/channel/UCzh4yY8rl38knH33XpNqXbQ,66,181,85,23,18,137,37
247,롤큐플러스 LOLQplus,/channel/UCigPeNf_uHiODmCRns_92Xw,38,87,152,28,13,52,31
248,이춘향,/channel/UCH-5Xjx6MuEySkb-lAdIEeg,45,284,83,22,17,96,27
249,백크 Baekk,/channel/UCugNO83_V7xZLzCsjpABGeg,51,193,134,16,26,130,27
250,미라지,/channel/UC73j3rtkjb3qCvC7XZidzmw,83,306,101,35,29,120,37
251,발__젭,/channel/UCQ9eDVhFn_jq7eTpjf21ouA,59,255,134,19,15,118,40
252,딕스Dix,/channel/UCOtcE3XmueVr78j8RCnr1QQ,42,180,118,67,13,89,34
253,노돌리,/channel/UCNvGiN93jKCp39Jsq31BMmg,56,164,122,30,24,146,46
254,피아노캣 [PianoCat],/channel/UCDyc0_OWYXI1WcaMjijHrDA,41,169,121,20,13,124,57
255,신해조,/channel/UCiCNc3uj8Bnc9bDzHJS058Q,57,114,125,55,37,88,24
256,Wall Su,/channel/UC5ScPjbt-a97AJO7SBj6nAg,50,139,128,38,18,143,58
257,온다람,/channel/UC3LNd5iXQZ8WinaOpfwXveA,48,195,118,66,13,141,56
258,모두의마블 TV,/channel/UCc5al0BciX358Rg9YXk1LBg,83,71,106,37,38,87,40
259,금똥왁왁,/channel/UCt4wd8jZFvFjrHy6EXLrmVw,60,168,170,27,52,156,43
260,닥터준 YouTube,/channel/UCOY3LbxXxCd8SykBvcVJlzg,42,121,90,27,23,90,20
261,G-ZONE 게임은지원,/channel/UC9iXc6HmaGygDiTj5OaNqNg,38,409,140,35,11,72,18
262,대도서관TV (buzzbean11),/channel/UCSHVH_AWVUc-C8-D8mh8W6A,45,323,128,69,12,144,69
263,걸뽀girlbbo,/channel/UC_VOIxjBN_WIPKxpPs1omZQ,37,266,75,20,12,108,19
264,흉폭한 포로 Violent Poro,/channel/UC9aEa6zVK12OZaWyTIPX9jw,73,219,194,20,30,204,59
265,모드로나티 Modronati,/channel/UC9-B--tzbvBUMVkGVyCTaIQ,64,167,101,13,18,138,41
266,별고래_StarWhale,/channel/UCD8maIontXDHmsewDbyMXDw,64,134,141,20,21,112,49
267,Jin Studio 진 스튜디오,/channel/UCDk0AHutsIFLsQYhMvmkdrQ,36,158,199,29,34,170,54
268,구스마일,/channel/UCpVLAetJt6_XjktxxhDUY2w,36,233,172,41,24,114,50
269,중년게이머 김실장,/channel/UCSgvQDek_7CQj08fu7kp1Iw,55,139,121,21,17,96,31
270,자몽티비,/channel/UCHsNxA14lzqnrm0mW7GQIXA,27,234,92,22,20,99,19
271,GOIS,/channel/UCEIzrF00OYA8B-WqAN5vUmg,33,41,345,4,38,172,55
272,지라라,/channel/UCdRDEMsLzDgoXY0AdQ1yN8g,50,176,80,25,23,86,56
273,JINTUBE,/channel/UCi66uG_I878tcnbIhN7KRcg,30,83,160,7,25,105,28
274,Mudassar Saddique,/channel/UC_qgWkLIbwXA8YGWTbjSN3g,38,40,310,0,18,83,26
275,롤큐 LOLQ,/channel/UCa-IaOPw5r1oQ4vuf3QjEPA,44,161,145,46,27,106,37
276,동동 TV,/channel/UCmP6N0_CMbMUYwQRaPoFyng,39,264,159,48,15,137,66
277,랩해도돼?RAPTUBE,/channel/UC13r2XVC5h3unwWgo25puAw,38,196,52,68,11,65,30
278,GH'S,/channel/UCdrBnBNLsN4_cH32HWbr9qg,64,139,149,18,32,125,45
279,클래시 로얄,/channel/UCgT2gPsXQ0jqb3poL5wN31Q,70,175,175,46,36,144,76
280,이영호FlaSh,/channel/UC4TDU9SEVB0EgslnTI2O9IQ,76,208,180,29,19,211,56
281,수찬 Suchan,/channel/UCLm0fAzu27N2aSd3lHsy2zQ,51,190,66,13,30,60,12
282,알로직,/channel/UCd4vEfDwg_kzVI-9Eq8sPHA,70,122,99,16,33,106,42
283,견자희 스튜디오,/channel/UCBvkQFBskQR9NeOoDYR8ckA,65,298,184,37,25,150,82
284,쉐어TV,/channel/UCb0eyf03Jz8Q5j2q65TzCoA,43,296,110,32,11,120,42
285,PAPADOG,/channel/UCYwV9dJhAQSFrFU9JyQ5t1g,72,287,124,45,32,167,43
286,오요,/channel/UCXhTIte6TjoItbiUVUnMIlA,48,213,117,46,17,125,52
287,이초홍,/channel/UC-jHB5e-6LF-yz0kMCTZWdg,66,255,129,39,32,178,43
288,피큐큐,/channel/UC_jNan0EvSTUNKT2dj6U31A,31,230,143,20,13,100,28
289,훈토이TV,/channel/UC3ihyjIvubiIAieg8SlmtIQ,41,240,161,43,16,215,44
290,체험판의컴퓨터채널Trialversion,/channel/UCeSnJtdf_dgvFqtK1PpxygA,42,85,136,39,21,66,46
291,Rope로페,/channel/UCAtwdcmAFuTeK_nQ-wxGW0w,24,265,171,26,65,143,36
292,빅윈TV,/channel/UCbt557PsOnMaspiSUjuSVVw,40,158,127,30,15,103,18
293,도로시Games,/channel/UCulur1hLC2ca8oJn0xt9ojA,24,218,64,38,7,65,47
294,YT Apple,/channel/UCmcd3r7AsHjm3deMgx1ZPiw,46,207,164,33,29,148,45
295,군필여고생 후추,/channel/UCscL0E82anT7mtoQjJTV6Mg,45,435,76,64,13,111,17
296,플레임TV,/channel/UCDLDbittWhk2KXvaCT0YpZQ,38,215,125,41,29,148,101
297,44층 지하던전,/channel/UCbErjjRiLboO1q0ha-R0OGA,27,233,69,43,4,61,17
298,두칠이의게임방송,/channel/UCwDFdWg0nGlEMr4iJnKWqYw,36,173,101,39,28,132,38
299,런민기,/channel/UCY74n-XQJ69dxNdN7h71wLg,47,204,151,32,13,109,31
300,Bang,/channel/UCnDcpS7XLQ9KFPqULb9TH8g,54,271,156,49,17,160,27
301,Ace Art 에이스 아트,/channel/UCpfY3rf_vaW6UQ2hGlqGhIQ,31,256,93,52,8,109,65
302,무릎의 철권TV TekkenKnee,/channel/UC0Zl_lyMoTbroBSNv7SpGuQ,53,208,171,21,21,140,31
303,[KongAlTube]콩알튜브,/channel/UCDqkO1FZXchBTGtsm7uO8jw,22,214,130,70,12,180,77
304,게렌의 게임극장,/channel/UCUEX0L7GHPs95m8S7G6kWVA,28,192,66,66,9,79,22
305,KD키드,/channel/UC98Dw7oYrXnoXCfhxgffzRA,40,183,188,43,29,102,48
306,TV대정령,/channel/UCHsK9gl5aU0F3umrU4Zn_sA,38,153,99,15,14,78,17
307,MadLife TV,/channel/UCj1RW5MrOLh_VrX3yHF_yow,80,182,140,28,26,128,40
308,김진솔,/channel/UC2qm7lVDDnGuvNj6D9jHFkA,82,142,133,38,34,106,32
309,떡호떡,/channel/UCqMixH4Cc7CdySihHG4kkIA,88,174,200,48,24,129,50
310,콩콩이다,/channel/UCzjEp3u8RMkOJwpc3RzxmWg,41,139,140,23,23,114,54
311,지덥,/channel/UCQBl5ytG10Y_tnWe__8kUJw,64,318,118,102,24,146,33
312,심즈 아무나AMUNA,/channel/UCKQm9pMIE5ti11h_m6NEHpw,44,241,128,43,17,114,33
313,프리티에스더 PrettyEsther,/channel/UCkrboHEREUVOaFNbuQ2taZg,13,322,84,45,11,69,34
314,소맥거핀,/channel/UCaaZFxjlHI3T_I-uFbldIGA,65,288,182,34,37,186,54
315,듀단 [듀튜브],/channel/UCPd2VrGLDguFs9AckozHtrA,60,274,108,30,18,125,50
316,꼬예유 & 한예찬의 게임저장소,/channel/UCJoWNCiFuiN4eZnB80WUf4Q,27,258,192,36,29,139,60
317,Lime Tube[라임튜브],/channel/UCxutPqfWSdYqaK8_tlc5PBA,28,204,139,46,18,101,47
318,ZealsAmbitions,/channel/UCpDcj6E73QeFkmqk7gH5wxA,36,26,277,2,26,131,26
319,메이플 이득충,/channel/UCnHpxlp418JpbxtVEfPRK4Q,93,280,166,38,24,171,68
320,TFO,/channel/UCk5mlvpbj8CZxD229CpiouA,25,190,140,44,13,114,45
321,프제짱,/channel/UChD2kf1XO2sxR4t4s_oPPMA,26,164,126,24,19,110,37
322,땅우양,/channel/UC9vI-9WYQLXKI6n9XdXXo3g,40,131,82,19,13,89,41
323,Google Play Korea,/channel/UC8C0Yd20ke5XqOiZvMVgM9w,84,252,179,21,64,120,34
324,말괄량이 박삐삐,/channel/UC1ig0B3mPPXViUMTN5Hm-Ig,22,250,61,25,7,71,23
325,애덕 유튜브,/channel/UCSCogaMMoxrDe43Cx_kB9cQ,40,162,76,35,12,70,33
326,3D운전교실,/channel/UClsIn5fbUo2pSJN_3lhnDag,8,132,196,20,5,40,37
327,YouTube지누,/channel/UCJGww2K__Q3y-MtDi0XWH2w,46,168,108,50,23,127,40
328,팍플레이Pacplay,/channel/UCZecnuVvQnBCoopyobFdDZg,51,352,98,26,14,95,24
329,김쵸코,/channel/UC0SsBKkmlkyNx6bo0SSAEpQ,23,277,85,20,13,114,34
330,이아린 Ahrin,/channel/UCqIYXDSU6mC_Na4b39lOIZw,56,354,136,40,23,101,32
331,로빈,/channel/UCo33r3SAf5z9MS-lrXV2aOQ,34,291,149,52,22,169,44
332,더빙걸,/channel/UC6t1NCFKCiBUuIbM3ujRRPQ,26,320,105,45,26,106,42
333,장파Jang Pa,/channel/UC8vlKcN5OpklBkb-Q2xGGjA,31,209,134,22,16,122,37
334,쵸쵸우,/channel/UCzoP3s16B9hP7f_qIc6DReQ,30,331,86,76,18,98,62
335,하창봉,/channel/UCilYpdgaNbW8x8_E83vomNw,45,170,120,33,19,98,40
336,채널 명예훈장,/channel/UCs0LzOveQMLImmmTrMmP2sg,68,249,176,33,27,153,38
337,똘끼100%,/channel/UCybKp0O2N9sUZOgIm1j2r_w,85,91,89,17,24,46,21
338,플레르TV,/channel/UCwiCv-ym6TQhMWhN23jVQkA,18,287,62,39,20,81,37
339,비콘 TV,/channel/UCT_Sf9z6Cqy11VHOfbnQPNQ,15,205,99,19,9,90,23
340,Mnics에투샤,/channel/UCubybnI2mstR-E24cc0rt9w,38,155,168,16,20,83,30
341,김유진 미국변호사YOOJIN,/channel/UC_Cprc-ruVm1GS0yPvqy14w,21,532,33,47,4,31,39
342,최군TV [무삭제 풀영상],/channel/UCwGeidQWKEMdFIujQrz37qw,32,195,89,15,9,85,13
343,해봄,/channel/UCL9oC0YZRwuyudZqUrgKw9w,38,387,93,41,11,102,38
344,버섯도리,/channel/UCYhUJGAH6HhOUJokzRupkpQ,33,423,132,48,8,96,24
345,MariAndGames,/channel/UCFt6SlUqvKDCwva8nzTBXUQ,46,182,166,48,26,127,50
346,준등,/channel/UCcgCkpS7T7yXztF30hzy8DQ,20,169,92,30,17,77,38
347,BRUSH,/channel/UCRqcPtAY2IrOjjOPt2TbYVQ,45,127,189,38,49,165,79
348,웁tv,/channel/UCnCFD3met1Ip7OngdF9TRDg,40,142,101,23,17,111,48
349,메도우이헌터,/channel/UC4rp07nTMJb13faNO94lm6A,44,149,52,68,8,90,28
350,Revinen,/channel/UCVszhXaoqB7Ekx1coEU6PzA,42,45,269,9,32,138,47
351,Today on the Korean Server,/channel/UC65ZDJCYI1dwzj48XIeuOBA,29,13,295,1,29,180,26
352,옴므,/channel/UCSWMuYooxYPorJSumJbLzCQ,22,373,69,55,15,106,44
353,무지개맛 Rainbow Flavor,/channel/UCcR_wZ0zimC6UT8VO0KcS8Q,73,308,187,34,42,240,61
354,랑말TV,/channel/UCc_7XbnN1bTFMhquCKt3ngA,40,64,177,1,21,93,29
355,옙가,/channel/UCcwEXGl8tRJTJ78WBPa7dUA,50,245,151,31,48,176,59
356,단미호유튜브,/channel/UCy5OjPJk87YCHNgd3qg2N9A,37,326,151,83,19,181,42
357,넷마블 TV,/channel/UCpYaDypxUY_bB6s23sfpuMg,69,122,117,19,37,96,32
358,Summoners War Esports,/channel/UCy5CDpZBPxd9O20BnIt8YWg,26,31,87,8,21,52,12
359,엔젤 유튜브,/channel/UCt5e5QXzt_Ub5azmAk4ozAw,58,112,121,23,23,144,46
360,루리TV,/channel/UCo2qwN2FUPnLLJjHXNusFyQ,44,196,64,65,17,105,46
361,깝도이,/channel/UCqVkQsNin4MdGFrWvzFVOKw,29,70,33,19,5,73,15
362,Tenha,/channel/UCOXPm9nqKtb2pIpO0UybBHA,58,20,246,1,59,128,38
363,쉐리,/channel/UClDbuB3bgZYVIaN3534c_ew,31,94,97,18,14,67,24
364,에렌디라,/channel/UC6xWZn2suKPqAQkidOiMeHg,64,317,112,48,29,135,61
365,유혜디,/channel/UCMBbYvXl8iHmtdtlkXt0yYA,52,514,104,40,15,136,27
366,동수칸TV,/channel/UCVJT18d9wSCnDUdnJ9ycO7Q,98,191,145,29,39,165,35
367,알짜,/channel/UC9Qsk7A_dVWZc6l1FRS8amQ,19,327,65,59,9,83,34
368,Rush,/channel/UCkV_ZgwCFlAvUIu4k0UBBaQ,31,86,133,12,30,99,34
369,Edu car toy school,/channel/UC3dt8G_iIiZXijtaaLgo1HA,2,2,16,1,4,6,1
370,브롤스타즈,/channel/UClJspSpzADMROqOW9HLHaoA,55,153,179,48,34,138,44
371,ToyFamily,/channel/UCxLOTgnqpSqQp_kMPlb7PWw,0,0,0,0,0,0,0
372,Dino Box Jurassic park,/channel/UCR3rHpatQ69g1uiGfGp60rw,1,2,5,0,1,0,1
373,MariAndColors,/channel/UCdvO5cIFPdFDhXDzs1WrbZw,0,0,0,0,0,0,0
374,Toycoo 토이쿠,/channel/UCHCkaI_DQoU7Tgg4CsBN5Bw,0,4,6,0,0,0,0
375,Lone Dragon,/channel/UC62pL2GZUeMx-gSzQmnB6gw,0,0,2,0,0,1,0
376,스페셜솔져 - 모바일FPS,/channel/UCU8zFvUOoHYB3DY5cKIiSKQ,0,0,0,0,0,0,0
377,OGN,/channel/UCKDkGnyeib7mcU7LdD3x0jQ,4,12,22,13,3,12,7
378,김희철 KimHeeChul,/channel/UCldBBBC3KowWN7ScJRQlZyg,55,459,162,50,33,157,27
379,Game Land,/channel/UCdkCeGJ9G9Y5N0SReSPo5Tw,0,0,9,0,0,1,0
380,가브리엘,/channel/UC2FDVyrQnjoZCUyk9fmqd9g,56,213,111,46,15,62,50
381,아려랑,/channel/UCFMzJRPsLOL17lwxN_MdcnA,0,0,0,0,0,0,0
382,TheRankings,/channel/UCv0Fm-Ge7D_zmN9Gw9x2cMA,43,24,339,3,37,276,56
383,홍방장,/channel/UCHxrU6bjWrnBfmReUAeztcw,32,213,150,33,16,101,51
384,다주,/channel/UCawY6uW94r1JcBuOTqHDfow,39,327,107,34,14,90,42
385,Landing TV,/channel/UCkwRQReFyYUHzPqGk5vO7Tg,118,173,131,16,34,140,33
386,클래시 오브 클랜,/channel/UCORzNUvBtd0j_wraSf88Y4w,76,187,183,59,28,172,55
387,운학 TV,/channel/UChbSCzDSKP_m4V5aEX1bmCA,32,194,171,61,11,78,38
388,거눈 GONOON,/channel/UCSGi7jxv1fqTx9hYI_lrGdg,56,171,243,21,39,216,48
389,바위골렘,/channel/UCLLGccON9y08RB7xqusu_Ww,1,23,23,6,3,15,5
390,RinyTiny [리니티니],/channel/UCArr7e9zILksFPuGDq-MffA,0,0,0,0,0,0,0
391,푸른 [ Pureun ],/channel/UCXrjLuKRFe1OxlR9T6uNs6w,13,173,56,31,10,50,13
392,Mobirix,/channel/UChs3xgH4BWAsTi-SGjECiZA,8,8,59,3,6,26,6
393,바사카네,/channel/UCy5DTlJJ3eo7I83h-IEL1KA,0,1,0,0,0,0,0
394,Flyerbek,/channel/UCMoQZs-z0PECNIs-b8CHOag,44,108,339,1,44,161,54
395,무협지 League of Legends,/channel/UCIA_jLpi8Tp2YM8ZTe4nD5A,0,0,0,0,0,0,0
396,메이비TV,/channel/UCPITXstDqqLYbBUiAVqYjfg,16,288,49,30,2,84,23
397,I like movies XD,/channel/UCE9Ib6JHShc7MHQ7pMwj0YQ,39,53,1,7,2,1,7
398,라더,/channel/UCDujSmC7qoEp89PE4ANN0vA,10,100,35,20,7,52,36
399,LOL PRO Replays,/channel/UCYX9IB_lU43EenSWKDlheUg,9,13,49,6,5,41,18
400,JeongWon Entertainment,/channel/UCu07k1hkdNzxLR2uc2-nYVQ,55,94,157,2,21,104,49
401,오하빵 ohhabbang,/channel/UCnPJ_Jcl-dwFuGgqhavB8oA,27,387,174,14,18,111,28
402,찌훈,/channel/UCzlnXVYyIG38fUrMBGOpc3w,52,205,90,40,25,137,25
403,더헬TheHell,/channel/UCRTRG3sr8my7ONpSQNruU2A,5,12,8,0,4,9,1
404,Gong re,/channel/UCl6gx0iQ-VvwhJu0r1FndTQ,22,62,198,12,39,126,27
405,급식게임즈,/channel/UCCWHOI_Xth7mINE98Nprz6A,26,273,74,42,10,72,30
406,쿠키런,/channel/UCr-Eaw_CBpAqKHbzV_GidQQ,41,260,159,53,17,127,64
407,쪼낙 JJONAK,/channel/UCeq0Nrch5KY3VrZyn_BB32g,64,117,81,18,11,104,30
408,제동TV[ JaeDongTV ] 이제동,/channel/UCOp9K7CjksKsve6CkNPzUWg,31,210,80,45,6,49,17
409,모마님,/channel/UCouZRGq24QaCvFlslu9uD9w,35,186,113,29,33,149,42
410,Yh Ha Figure maker,/channel/UCSsdK8cdN9hn3FS0mTf8iFA,39,55,311,5,51,184,40
411,HOWCOW uuu,/channel/UCInT34AJQaNyQ1V1PTEpv7w,59,237,153,30,40,151,60
412,Roblox - 한국,/channel/UCXM-GWvgXxj8V_Q_o1B4zyQ,41,225,118,80,10,131,52
413,원창연 WonChangYeon,/channel/UC1FK8EsrPHHVOvrDvctqpbQ,56,249,233,28,31,111,68
414,Youtube고차비,/channel/UCjZy8afeI-58sPLgJIOmecg,49,175,94,20,18,94,35
415,개인팟,/channel/UCIBoeAMqlic3emU6_crV9Vw,94,168,112,41,24,95,46
416,AfreecaTV eSports,/channel/UCK5eBtuoj_HkdXKHNmBLAXg,64,35,393,1,35,231,34
417,최고기 ENTJ,/channel/UCZgI5WTYh_1LWNexiHNH7QQ,66,233,111,63,16,65,22
418,왓구홍길동,/channel/UC9aktiWNGpSJKLshflga5yw,63,279,153,37,15,173,47
419,쿠리파파 스튜디오KooriPapa Studios,/channel/UCvjevfcEcO4JXSe3SgMYbGA,43,273,108,67,17,119,58
420,쌍튜브,/channel/UCvG7coejM6UD_rOnuDdIoFw,64,155,83,23,11,75,41
421,Mulpan,/channel/UCDBg2guHN1JanH7QP7i2dQQ,71,35,322,6,36,198,63
422,안산저격수 ANS,/channel/UC7g2JNSc0SefzMTyc--Nn4w,39,169,102,26,19,118,32
423,다다토이 DADA Toy,/channel/UC4pIb-g1hjtWK6T98UqeQkQ,59,206,154,89,23,169,45
424,수진이,/channel/UCmu_ekYHVR0vjmpyQZp8YwA,31,274,70,26,7,66,42
425,넥슨 YouTube,/channel/UCZcyI32yv57Zz0Y8-Nr1V9A,37,137,90,27,14,75,21
426,임준하,/channel/UC0iAObTgKlFipjqApv0nJlw,85,132,118,41,27,138,51
427,배틀그라운드 ? PLAYERUNKNOWN'S BATTLEGROUNDS,/channel/UCms8Ge7H1ZGgw6nV94fUhUQ,78,127,144,34,40,123,66
428,CheritzTeam,/channel/UClcACsSYAi97Ka_QxX72JAA,50,103,261,18,102,179,42
429,HAK,/channel/UCMjsi-Xrmyv9vlN-92QySvQ,60,135,237,20,20,158,49
430,금사향,/channel/UC1eIASyCXzaeOuBbGOubI9g,39,236,77,43,23,103,38
431,sum,/channel/UCQknKKnwlpzDS7bjMULUjcg,80,210,275,40,49,192,80
432,인벤,/channel/UCQePzo3_oRB-6RAzBioc6pg,14,7,21,2,2,7,9
433,Toon Tube,/channel/UCIJBt-DqtODaUKGKI5H01fg,25,112,133,32,20,86,32
434,마일드참치,/channel/UCtNQtlVDw79Sdxvm08Egk0w,61,128,181,22,30,157,42
435,정리전문 [웃키키],/channel/UCn8P2mOrwb7BNMRviAFg6DQ,280,71,153,40,87,132,74
436,배그TV,/channel/UCb7DiMpyCaKjMM04Eo2qyfw,68,206,134,31,23,176,42
437,오버워치Player,/channel/UCeZZ5LAX3as-CPv-Bj3hPdQ,96,284,186,47,42,198,73
438,킴스맨KIMSMAN INDUSTRY,/channel/UCixaWz4xXA_mJg8UhOZ6hkQ,28,302,158,49,14,180,59
439,MarioPartyGames,/channel/UCGGPa08De2KNGSaiPPokePA,0,0,0,0,0,0,1
440,나나양,/channel/UC2z7Vj0qpcjIsAEHwOE1-NA,35,128,98,35,12,91,40
441,비엠TV,/channel/UC50HiPRDIXQMcB9orOdlbaQ,15,80,48,12,10,49,21
442,연두의 일상채널,/channel/UCFRDmLQJItqvkfFFfuTGGVg,85,121,123,32,19,122,45
443,핸팝,/channel/UCfSy6hLYDteGVYb5h_Z2xkQ,29,243,108,34,21,56,31
444,DRX,/channel/UC5WN-znPsJK0BbA8aHxZHWQ,46,167,80,29,19,61,20
445,탕카페TV,/channel/UCz1lALRICSdUzHRjJVVo9NQ,55,125,97,26,24,64,16
446,김성룡 바둑랩,/channel/UCfA0tTDLNooBB0ymdoI5M7w,24,74,55,9,7,35,19
447,새상놀이터,/channel/UCJ9Mk-2MwdoS_zMKgkdVUNw,35,354,165,77,17,139,56
448,망개,/channel/UCNKam43W5s-LfRMKcd9Jg5Q,75,176,102,34,14,131,56
449,하지니지,/channel/UCFIUgqzzNjCvarzIqCE89cA,19,594,43,113,8,155,52
450,PlayersCUT,/channel/UCD4_2dTl0ORuzuv75tDom_g,18,153,55,22,6,57,32
451,LookSam,/channel/UCQLfdihF1WwbuVcgJq6x6Iw,93,208,155,33,45,160,42
452,TV벵골,/channel/UC4gnNZCL8d6Eq2lLNqk5aSg,0,0,0,0,0,0,0
453,Yoorop,/channel/UCUJtmHHXN4BGT3zyE0o1j0Q,40,80,131,13,26,92,39
454,조탁구TV,/channel/UC_5H4MxUOOtppCGjpVl3XPg,108,162,239,27,22,209,68
455,BLIZZARDKOREA,/channel/UCEOoYEH7uLJ0Ux566Hy3XmQ,113,133,189,59,54,158,44
456,임아니,/channel/UCeHFCfPMbmQUuypVtXrpnTw,76,249,152,44,40,111,51
457,AliasMuse,/channel/UCiAK_U-vD5zcL8Bh9sberCw,45,42,245,5,23,132,34
458,김도랜드,/channel/UC2_VPutZK0o_tG8ca_QrQRA,105,204,189,29,34,157,41
459,부멘 Bumen,/channel/UC-97DBrSjf37Qu1cyVQ8X1A,56,182,110,18,30,144,45
460,아론 페이지,/channel/UCDbOXmGL7EkmOcnUb5Kki4A,79,138,163,38,32,90,44
461,세드TV,/channel/UCMo4MnhHhSDkiUIXS6dytTQ,99,345,184,77,49,207,105
462,마루에몽,/channel/UCLWXraxoi58otTHcWa9LZhQ,62,246,128,45,10,165,47
463,ShiningStar,/channel/UCde-B1KjFgIb9WGsSdT5wqQ,21,195,102,14,26,56,25
464,철구 풀영상,/channel/UCPuQ0kaW-TX_2LgrEEUl7qQ,95,242,74,16,33,69,13
465,코시TV,/channel/UC7uEw7E1-NBpJwE5L2Amoyg,27,175,78,37,13,106,33
466,심킹,/channel/UCDYdwDXhbVZXkdV6kZn-0IQ,54,192,218,59,18,129,56
467,하얀귤,/channel/UCLXSj8Q2mnL2XbBgRdTPiMQ,58,290,136,60,27,129,47
468,모잉_,/channel/UCHzre37UF4o64HRhp-7CDzQ,33,201,94,44,14,145,59
469,취한무드등,/channel/UCxM_h0LDzNU0XVD8YWCb17A,60,139,133,36,26,117,55
470,뽀박사 뽀쪽 Dr Joon,/channel/UC0hI0RUHrjCCskDMnMBnzFQ,55,303,139,51,22,152,67
471,앤새ANDSADLY,/channel/UCZQvXBMUT7ZMM5i9w9ZFp_Q,25,156,65,17,14,49,34
472,뉴리키,/channel/UCtsaNMRUmgwxMSb7xdpzALA,7,0,1,4,0,7,1
473,아구이뽀 A924,/channel/UCEn8UcA-PNu5ZKr6tZdJ4Kw,53,212,100,31,11,106,52
474,라온스럽게 Be Like Raon Lee,/channel/UCJVsjpZqtve-SZ11U8jmH_g,26,251,80,27,10,103,35
475,기가막힌사람,/channel/UC9V4iFRjgNUaPRPgvSgSlxA,76,197,129,13,19,141,48
476,오늘의 매드무비,/channel/UCcjFBc6EZ76yJarqU1AYuhA,14,36,35,11,18,37,7
477,Companytube,/channel/UCpmGKHhLg6QmdDg03Zds8Fg,37,72,273,2,25,127,43
478,John James,/channel/UCs2QSZ8p8OjLUWUllNTpPZA,38,43,278,6,44,169,47
479,ㅇyㅇ,/channel/UCm6Y-gVqhlhX4FzrJCtsSzg,54,129,135,32,20,104,29
480,선비방송,/channel/UCIwrzpUgafk5ZD14BaSVdGQ,25,120,72,25,5,56,27
481,무결의 VR게임,/channel/UCprxjd4bxAiNAxg947wvrmA,28,128,99,27,15,90,40
482,SM TV [SeoMin TV],/channel/UC6k_2mRnYn8b-W-pKtBy85w,3,25,25,2,0,7,49
483,Dmonk,/channel/UCvlZOzv_B0GD9VLqdsGWfcQ,42,143,119,51,11,49,42
484,GameDO,/channel/UCnhZk0ebU5fm9oazpCtc_Sg,50,196,121,44,15,103,51
485,허샘,/channel/UCnCeDIkExSpULGqmpj5oafg,26,228,71,56,12,68,18
486,신원리강아지,/channel/UCUKBryOxBtW7l9IRFfTyCXw,4,10,3,0,2,2,3
487,캐인유튜브,/channel/UC-8S20Ll1gzPiu_YY8BgyaQ,37,161,70,23,9,90,42
488,레지나Rezina,/channel/UCoGlmInGRIRoDg4NjAYv4-Q,58,196,176,30,26,147,89
489,만득유튜브,/channel/UCLFaCqu7-o7NGqn_-uyKPBQ,71,336,151,48,25,133,32
490,무자비,/channel/UCPPuXI31ybWYB560T2uAeMg,49,202,95,34,18,71,20
491,김슬기 Seulgi KIM,/channel/UCsMjo3TqAQueM3LFWlsKnhw,69,166,136,30,25,163,74
492,"포켓몬 공식 채널 Pok?mon Korea, Inc.",/channel/UCAhmOb9JWkI2HV_KIe9X_3A,0,18,10,4,1,4,3
493,기뉴다GINEWDA,/channel/UCyJgLaAwEwGiLTl9ccd2haw,66,219,71,31,33,81,17
494,라넥갓,/channel/UC-Kk2qNHBsyyYy8kIIKMh8Q,69,155,140,34,21,172,40
495,ScuD?쁘르로세,/channel/UCs5Qp6yaCnsUGwqegqTEPKQ,56,184,124,31,22,140,55
496,악시,/channel/UC58e7PIf49oMlDljMFPSy0w,69,182,122,33,38,180,47
497,윤작까,/channel/UClA2xudL_XKm5HLY9yP8wyg,58,384,79,48,11,94,47
498,우감독 [Director Woo],/channel/UCVbAEP8L2wR5dYvcWShwCsw,21,202,62,29,7,76,34
499,파크모,/channel/UCLdxLyuNHafN-1UlOs2BK8A,75,190,228,46,18,146,72
500,한국닌텐도 공식 채널,/channel/UCRCK5FCJtomQT3b88jXI_DA,0,0,0,0,0,0,0
501,타코리뷰,/channel/UCVes_P0Cc87L48_KvdyNX9w,0,0,0,0,0,0,0
502,동호형,/channel/UCKr3S2aX4SyNkQTY-8UM86A,69,283,163,30,16,156,70
503,TV헤이스트,/channel/UCaiyyjmlyH70au7pzKE4jnQ,46,129,114,19,16,126,40
504,흑열전구,/channel/UC2IYsRiATGe71sLIOlSXGuw,80,74,207,32,32,136,80
505,미키스나,/channel/UCNday6XUUjYBs0fmjAmYTcg,62,174,108,25,24,102,19
506,혜성,/channel/UCC1aXzKxN1P3WcpTh84-1OQ,28,142,88,23,19,98,41
507,시간의 숲,/channel/UCyfg0TBg4jwIqnX3uNADnhg,45,197,197,37,21,105,51
508,핫도규 HOTDOGYU,/channel/UCHvz6pwNdtkhukP6oPOOnQg,49,312,114,54,28,137,50
509,현솔,/channel/UCEWkdaR_6g6giiy8_vI6fmw,47,197,106,20,8,84,44
510,Dobby도비,/channel/UCvejyifMonPNXGLX-QFmYyw,45,113,145,13,16,108,37
511,Bubsa Gaming,/channel/UCrBuJMx9qmXmxvQrmeI-TPA,57,146,195,13,49,133,32
512,Bung Korea,/channel/UCjFTY4_BJ4prXVmFow9x93g,141,81,373,1,37,61,16
513,메이플스토리맑음,/channel/UC1dHu9GhbHH7RcHKyJdaOvA,57,101,119,42,16,112,57
514,CAMAN카맨,/channel/UC3Md9z1EkkGs8htNkRG3Vew,12,170,86,77,11,134,15
515,한자,/channel/UCk5C4AR3uvmKwZYkIlSobbg,49,176,140,57,27,120,65
516,쥐늑대 유튜브,/channel/UCugJ9oXLc7a_6B0yyCHdpSA,108,311,100,57,13,102,56
517,긍정인,/channel/UCAm0pQmaq6dTcH2-qL6RQjQ,70,252,184,33,22,176,43
518,준밧드,/channel/UCDWlQ2AcGlcckdefjtF0goQ,42,138,82,21,12,85,26
519,안내메시지,/channel/UCMswODzU1ZjjrLyUk7NfwPA,55,321,143,30,27,157,59
520,신용인의 게임채널,/channel/UCDrdTV9TcDx9-znGQAy6lzQ,75,144,145,45,13,108,45
521,서농,/channel/UC9nWnAJQDNBkJ_JlbKS-7VA,64,96,139,29,14,128,72
522,병병병,/channel/UCLtZE7A3iN-oysHf5_vJYBA,32,278,58,11,9,66,34
523,표커,/channel/UCdF0eCyf5np3lPO4y1fJVdw,59,123,150,29,41,96,24
524,저펄이,/channel/UCWMK0idJDBqwpueUiEXStCQ,33,152,142,42,18,109,35
525,THE SHY,/channel/UCT2iciPfSx1DmcYaf1MAFiA,68,238,166,33,23,164,62
526,엔씨소프트,/channel/UCbiqc9mdIz3XEH6LG5nCeMg,77,85,156,39,28,74,38
527,고뇌 [Gotube],/channel/UCfiarPVYi8ei4vZntToFYGg,88,242,144,45,33,149,49
528,Sky Nerf Guns,/channel/UCUJv3d2xXUDVhyKJ6BhzPGw,0,12,4,1,2,0,0
529,입만산_김루윈,/channel/UCeRn_02zEifLqXxZkTpiXzA,58,199,152,45,31,162,67
530,안녕수야,/channel/UCm5suozTR8bN1o_5xRf9JrQ,59,371,116,28,11,179,29
531,괴물쥐팬OFFICIAL,/channel/UCz7gPLMK3PAXBTIEavZIXEg,59,147,97,19,26,65,27
532,앵지,/channel/UC6jny3KnjnPLtSWYbrTqAtA,40,169,84,23,12,89,21
533,안기효TV,/channel/UCYG8tuvbQzWsDeoADyJFU8Q,48,264,113,24,31,169,35
534,우에하라아리,/channel/UC0EWVkB5mmeJ8z61rJWQTPg,56,161,99,55,15,117,44
535,OVTV - 오비티비,/channel/UCcfuatJAWBygJ5Y3uPxTZsg,32,136,82,18,11,140,47
536,이클리피아,/channel/UCRZURXN2vyCYzB9eYbSKQiw,74,135,148,30,26,141,75
537,하지,/channel/UCRmG4YBJMlBiH4rt8g2vNPw,31,312,80,21,10,73,22
538,HAMA JUN,/channel/UCuWFQc0UEyNbT8v-pX83MjQ,73,185,152,22,18,160,32
539,불도그,/channel/UCBjPppB6FOLloYBUvgbqE_A,119,72,81,21,32,58,13
540,힙합가이,/channel/UC4ZsaUtdPtivLNNI5kozlDQ,0,2,6,0,0,2,0
541,라간유튜브,/channel/UCqJB7rKizLzFYy2t_2rGahw,71,232,108,29,22,126,53
542,이중선,/channel/UCw7FqLmYfW-nAVhEd_grcZg,90,156,187,27,30,216,59
543,건곤,/channel/UCfO-Z1ZCFn9DF5217ZySjfw,56,204,144,40,18,136,67
544,유튜브박사장,/channel/UCqbx_XBQEA80FHsnLQOKXrw,77,198,107,20,30,80,26
545,Mihaya Gaming,/channel/UC5LL5w510Njr8heGeue1sEA,133,199,139,18,9,47,46
546,Racing Park,/channel/UCAPVYRwD-6yYx85oqgFnqCw,3,11,40,2,1,14,7
547,라이언티,/channel/UChGrYmp0PTFef-XOjueNH6w,28,233,73,49,23,87,22
548,나미춘 choontube,/channel/UCfUnRLITvC9bNpShAEIIhMA,34,189,78,31,17,84,27
549,서봄,/channel/UCkQWAIUktzea2l8xT1GyVSg,48,208,152,49,17,130,43
550,수닝유튜브,/channel/UC4i0dvptG3PokPjMx6r1zNQ,48,167,91,41,12,97,44
551,캡틴김수호,/channel/UCYaFxuv97e0qSx1MU9FvhGg,85,177,148,26,20,117,29
552,겜블비,/channel/UCGHtLohOnwNBhuJnPTjNo8g,49,262,139,35,27,97,16
553,게임저장소,/channel/UC4pUn2_URkvOvObfNcyvRzw,0,0,0,0,0,0,0
554,김호랭,/channel/UCZo3yJ0wjksu7AZAjPMCgbA,42,210,88,46,11,127,78
555,김진우,/channel/UCweizAaKFQrSEYnleVOZqTA,38,205,113,39,13,145,35
556,리버스,/channel/UCFBGBsvOMA2gbxmnxgotsmw,37,113,154,21,19,152,49
557,플러리 Flurry,/channel/UCdZGwKwvi_i5BLvFzCj4FXw,64,253,136,26,19,130,30
558,웃소 게임즈,/channel/UCRMX7IWlG7Hqna2gDhGan_g,41,346,89,28,5,71,27
559,백설양,/channel/UCQPPzb7y4aJz6VV1F3v066g,53,276,112,40,22,117,22
560,TV효근,/channel/UCG8FY3eGM47TVmv8x5ZhA7A,74,141,88,40,38,96,18
561,레고장인 채소골렘,/channel/UCYGtilUot-VLx6F-ubjg24Q,40,277,178,117,11,109,70
562,목츄리,/channel/UCzoX_XRk4Pd5thE2k59c2pw,36,333,80,53,19,144,40
563,강교생 KCS,/channel/UCF90fBrj4HP9VpdwGiQkrmQ,33,155,139,25,14,110,31
564,지수소녀 유튜브,/channel/UChzIscohei65H-7T-Pztaww,87,254,148,38,33,153,38
565,감블러,/channel/UCgmQJAJuiddthVUfJmWxltA,55,348,136,22,21,138,43
566,파닭Padalg,/channel/UCyGe1k6hJ-t7ZlYfYSmPdag,16,190,102,21,35,156,37
567,하솜,/channel/UC7xJ1J2TD7JwYlyL4RkBWmw,38,165,90,73,13,169,72
568,Baby HAPUM,/channel/UCs8zXRDTNzCdaNCioaENt5g,42,385,102,76,12,113,63
569,에스카,/channel/UCoIoRtXGGPCaOE0qQHKXjvw,57,296,67,45,15,125,44
570,혁구,/channel/UC2HEQnILETT1x7V9iW3H1Kw,78,203,202,82,15,121,39
571,조디악,/channel/UC1b5zAyQWKa9KkIzC4wol0Q,56,296,94,23,20,108,50
572,스타크래프트,/channel/UClWPSY-fuGOIldrlUTqoEag,62,202,136,30,23,140,43
573,배룡 TV,/channel/UCLstY59V0mohZmcSGd33cPw,55,96,148,31,9,124,38
574,곽민선,/channel/UCk0BKqdh8W4FR2eRTZ5Uoug,36,286,76,30,18,126,23
575,레알이,/channel/UCpUMkvvodRfGDkVN27lFe3Q,82,157,196,30,60,224,89
576,Yellow character gameplay,/channel/UCymWBXiV4f_N-_xPgwmpEQA,46,90,347,2,48,179,60
577,노력왕먼치,/channel/UCQfISxq5legTqOt1h1us6lg,36,175,101,24,10,113,41
578,임요환,/channel/UCbGzoa8xSdjr-B3UdI06yPA,29,271,110,18,10,75,31
579,가재맨,/channel/UCnkytUgy0CtWd06up9CjNxg,76,201,78,27,33,92,34
580,김채호의 필름찢기,/channel/UCNbUh4ETUOSNq0HMMVjhieQ,130,184,131,29,37,125,51
581,제독신ParkJunHyo,/channel/UCqpW5qIRfLkgnYtpe59Fapw,40,195,106,25,22,111,45
582,얍얍,/channel/UCnb4EuP3C0dxeika3b-bnXA,56,297,92,32,33,87,26
583,주간신보석,/channel/UCY5Xbo2lSFqdDQGZJTXfFZA,69,279,160,36,26,111,42
584,YESOON,/channel/UCQEvlqmTcqU6SbjNhsft2wg,54,307,112,42,24,176,42
585,코뚱잉,/channel/UC4q2QOe3Ht73lVO-31JnkQQ,62,230,107,30,25,165,51
586,게임넛 GAMENUT,/channel/UCMru5gvumXqykoro-yDwQCw,125,110,205,53,44,119,40
587,성주로운 게임생활,/channel/UCfo5uQjcvpD7M3V29pgINnA,45,209,95,23,13,131,33
588,이문주,/channel/UCfdLDnGcRM3okEOtocWNHuQ,77,77,63,5,34,32,9
589,주보리 JooBoRi,/channel/UCRkwhAO2CKNXPcFXAMfn0ng,52,348,123,28,12,106,40
590,설레임 TV,/channel/UC-sn1taSI0CEWg8n4M7WDMQ,28,432,73,102,13,69,25
591,플이,/channel/UCMmlqTsmThrRulFDlyhIUsw,56,153,119,44,27,141,61
592,코지CoZy,/channel/UC7bDvA98eXIUiLMwXPfdF2Q,57,176,97,20,21,99,32
593,LEE&lee리앤리,/channel/UCaxgabcQh_tiPIcZfOS8zXg,4,3,3,7,1,7,6
594,OCK CLAY,/channel/UCBdRqVCFEAuJnfnHTW3RMPQ,26,164,208,9,40,202,30
595,수학자,/channel/UC7Mc5ssSVpWzqH9mlRGEEAg,33,148,97,34,12,100,38
596,싸패TV,/channel/UCfycsfXKilVd-EBL9VC8RGA,75,384,98,31,43,68,20
597,Sun,/channel/UCCILo-Qu-OMAb1zpzDa6B3A,39,76,127,25,20,99,39
598,도멘TV [DOTUBE],/channel/UCFHUplScMiWTjJrtv4hxWmg,70,215,140,36,19,153,22
599,에프람,/channel/UCVgTydj9KUfDm_qmXPtx0FA,42,250,134,37,15,124,52
600,금융인 강은호,/channel/UC9pCNmC-Ovq2sRfHIwLDuIg,88,170,125,34,40,88,47
601,dragonvillage_official,/channel/UC6g-3ON3MpaiUuxBg25CZAg,25,105,273,18,43,149,33
602,로자르TV,/channel/UCuwnt_REmD4YsCtFJRoqjFw,82,249,126,37,27,167,35
603,고래쉬,/channel/UCCWcDTQwUzYxxQNxP17F-Rw,38,323,127,34,18,114,38
604,신성조,/channel/UCNCZoEdHHuF76DZ78IBJvlQ,56,209,189,28,18,77,80
605,새루 유튜브/SaeRu YouTube,/channel/UCzZepWSPs2VCpCirB3zGgtw,62,196,140,43,27,116,75
606,BJ섭이 FIFA4 S2 Korea,/channel/UCKd2rI7xVJm86kav7okWC6A,61,129,112,15,37,86,41
607,랑께님,/channel/UCkye8NKh9-zmsi466P_stcA,62,188,152,23,16,152,52
608,요루루유튜브,/channel/UCXCa03lRK6tlntZoJ7TUWRw,8,286,29,39,5,48,25
609,다누리,/channel/UCtcw3t27H9qFwcdAujrDEyQ,46,416,135,44,20,119,26
610,연두부 YouTube,/channel/UCmOmhm_p0UEwcPkAmotX8RQ,26,276,115,36,26,95,37
611,MGTV,/channel/UCKymUugOQ8dkT7dZ4KmK_3g,47,277,143,43,8,149,26
612,살타 Salta,/channel/UCsbo5VemDR505Etd5ZKnWNA,71,349,176,56,22,166,58
613,YunMot,/channel/UCWtPonhrTEf25p9nONwBwYQ,0,0,0,0,0,0,0
614,솜사탕,/channel/UClfxB3OFyNkolbCEXp-5v1w,32,230,88,27,25,132,39
615,초승달,/channel/UCxx7UvIhPkEQxaplaWS2hLg,95,235,141,80,30,120,61
616,신속,/channel/UC0hk2D145ogyBYMKjylWkkw,0,0,0,0,0,0,0
617,허블렛TV,/channel/UCJriMiQFo5023wkc2hWaiuA,63,237,153,31,34,190,81
618,에어비스,/channel/UCXybGky1c_63xzXFzI0eU8A,62,145,147,38,35,115,46
619,Nizzotch,/channel/UC3XJRyvLD7rvsVFCFS1IX0A,0,0,0,0,0,0,0
620,MapleStory_KR,/channel/UCU_hKD03cUTCvnOJpEmKvCg,46,109,140,26,25,112,40
621,김승희 KIMSEUNGHEE,/channel/UCPZkUGXQrWKqWFCfDMaZxhA,63,287,126,37,13,138,36
622,나이스게임TV,/channel/UCVR8eG4I5Fies8NQFWF-KsA,2,23,12,3,1,9,4
623,만취한 오박사 Drunk Oak,/channel/UC0iFX-aClxo7TM6fE8K0duQ,70,165,159,27,26,172,62
624,라이너TV,/channel/UCqgRbodod44OjLp9tqpgkPw,86,175,128,42,36,121,34
625,항심,/channel/UCX1s-RbSfskDNPnrwH3GvKQ,75,231,133,50,42,138,54
626,주식회사 중계진,/channel/UCNymqCXr3sxL8dnmO_jScuA,47,231,85,18,9,99,18
627,카오,/channel/UCXkY64Z4UW9XEluhplCJafQ,49,132,110,37,18,164,69
628,中譯版今日韓服精華,/channel/UCLrMXBAgIPbOPR0h_6xWVrA,79,93,28,3,2,5,80
629,Play with Toy,/channel/UChvR-r6dtgPkXhY4rvPgq2A,28,177,168,54,11,98,45
630,프로즈,/channel/UCww3MeqGQnIatVvEr3pSjhA,102,258,160,50,26,169,61
631,ROBLOX 해달선,/channel/UCwqLV5Xndjm4Wztk-c7IMjQ,38,253,178,54,17,99,43
632,김기열,/channel/UCf8xJL-CznwfW7W2LO3y_EQ,34,157,65,7,3,70,20
633,사이,/channel/UCqEoc6yuYRg5CFG4NIG8euQ,98,179,390,31,17,66,22
634,닼발DACKBAL,/channel/UCQIx6hvYi2eurTCAum1HNyQ,31,180,80,72,10,104,30
635,축덕,/channel/UCj1Q64mwSIbGSJXZjhuAnLQ,33,175,114,24,18,93,29
636,Polypuff,/channel/UC0aFOAetT4Hur0qmOnmmbBA,23,44,394,0,26,201,28
637,정윤종,/channel/UCGyIKWpa4cbKJQIc2hNmVJA,42,166,77,35,23,81,18
638,코태(Kotae),/channel/UCJFkH0p-M4_WEaHvLqWnkIg,53,258,95,34,26,134,21
639,LinkTrader,/channel/UC8JzTlzwWkbyQuXaYDb00nA,31,73,299,4,47,128,45
640,눈가루,/channel/UCAXuZuWLv9oLq6SEXnOppNA,38,199,110,27,9,201,37
